seq,sym,sym_name,bid_q9,ask_q9,new_mid_q9,prev_mid_q9,delta_mid,delta_index,index_value,velocity,deviation,mean_window,window_filled,severity,alert
0,2,TSLA,122778,123187,122982,0,122982,10523,10523,10523,0,10523,0,0,0
1,1,AAPL,90163,91085,90624,0,90624,27739,38262,27739,13870,24392,0,0,0
2,2,TSLA,122829,123187,123008,122982,26,2,38264,2,9248,29016,0,0,0
3,2,TSLA,122778,123187,122982,123008,-26,-3,38261,-3,6934,31327,0,0,0
4,1,AAPL,90470,91085,90777,90624,153,46,38307,46,5584,32723,0,0,0
5,1,AAPL,90470,91034,90752,90777,-25,-8,38299,-8,4647,33652,0,0,0
6,2,TSLA,122829,123187,123008,122982,26,2,38301,2,3985,34316,0,0,0
7,2,TSLA,122778,123187,122982,123008,-26,-3,38298,-3,3484,34814,0,0,0
8,2,TSLA,122880,123341,123110,122982,128,10,38308,10,3106,35202,0,0,0
9,2,TSLA,122880,123290,123085,123110,-25,-3,38305,-3,2793,35512,0,0,0
10,2,TSLA,122880,123341,123110,123085,25,2,38307,2,2541,35766,0,0,0
11,2,TSLA,122675,123290,122982,123110,-128,-11,38296,-11,2319,35977,0,0,0
12,2,TSLA,122829,123290,123059,122982,77,6,38302,6,2146,36156,0,0,0
13,2,TSLA,122829,123238,123033,123059,-26,-3,38299,-3,1990,36309,0,0,0
14,2,TSLA,122829,123290,123059,123033,26,2,38301,2,1859,36442,0,0,0
15,1,AAPL,90470,91341,90905,90752,153,46,38347,46,1786,36561,1,0,0
16,1,AAPL,90470,91136,90803,90905,-102,-32,38315,-32,17,38298,1,0,0
17,2,TSLA,122880,123290,123085,123059,26,2,38317,2,16,38301,1,0,0
18,2,TSLA,122829,123290,123059,123085,-26,-3,38314,-3,10,38304,1,0,0
19,2,TSLA,122829,123238,123033,123059,-26,-3,38311,-3,4,38307,1,0,0
20,1,AAPL,90470,91085,90777,90803,-26,-8,38303,-8,-4,38307,1,0,0
21,2,TSLA,122829,123290,123059,123033,26,2,38305,2,-3,38308,1,0,0
22,1,AAPL,90214,91085,90649,90777,-128,-40,38265,-40,-40,38305,1,0,0
23,1,AAPL,90214,91341,90777,90649,128,39,38304,39,-2,38306,1,0,0
24,1,AAPL,90368,91341,90854,90777,77,23,38327,23,20,38307,1,0,0
25,1,AAPL,90368,91136,90752,90854,-102,-32,38295,-32,-11,38306,1,0,0
26,1,AAPL,90368,91341,90854,90752,102,31,38326,31,19,38307,1,0,0
27,2,TSLA,122829,123238,123033,123059,-26,-3,38323,-3,14,38309,1,0,0
28,1,AAPL,90368,91290,90829,90854,-25,-8,38315,-8,5,38310,1,0,0
29,1,AAPL,90368,90931,90649,90829,-180,-56,38259,-56,-48,38307,1,0,0
30,1,AAPL,90368,91290,90829,90649,180,55,38314,55,6,38308,1,0,0
31,1,AAPL,90061,91290,90675,90829,-154,-48,38266,-48,-37,38303,1,0,0
32,1,AAPL,90061,90982,90521,90675,-154,-48,38218,-48,-79,38297,1,0,0
33,2,TSLA,122880,123238,123059,123033,26,2,38220,2,-71,38291,1,0,0
34,1,AAPL,90214,90982,90598,90521,77,23,38243,23,-44,38287,1,0,0
35,1,AAPL,90266,90982,90624,90598,26,7,38250,7,-33,38283,1,0,0
36,2,TSLA,122829,123238,123033,123059,-26,-3,38247,-3,-32,38279,1,0,0
37,1,AAPL,90010,90982,90496,90624,-128,-40,38207,-40,-66,38273,1,0,0
38,1,AAPL,90214,90982,90598,90496,102,31,38238,31,-34,38272,1,0,0
39,1,AAPL,90214,90931,90572,90598,-26,-8,38230,-8,-37,38267,1,0,0
40,1,AAPL,90266,90931,90598,90572,26,7,38237,7,-24,38261,1,0,0
41,2,TSLA,122880,123238,123059,123033,26,2,38239,2,-19,38258,1,0,0
42,2,TSLA,122829,123238,123033,123059,-26,-3,38236,-3,-16,38252,1,0,0
43,2,TSLA,122829,123290,123059,123033,26,2,38238,2,-9,38247,1,0,0
44,2,TSLA,122880,123290,123085,123059,26,2,38240,2,-2,38242,1,0,0
45,2,TSLA,122829,123290,123059,123085,-26,-3,38237,-3,-4,38241,1,0,0
46,2,TSLA,122829,123238,123033,123059,-26,-3,38234,-3,-2,38236,1,0,0
47,1,AAPL,90010,90931,90470,90598,-128,-40,38194,-40,-37,38231,1,0,0
48,1,AAPL,90214,90931,90572,90470,102,31,38225,31,-7,38232,1,0,0
49,2,TSLA,122829,123290,123059,123033,26,2,38227,2,-5,38232,1,0,0
50,2,TSLA,122829,123238,123033,123059,-26,-3,38224,-3,-7,38231,1,0,0
51,2,TSLA,122880,123238,123059,123033,26,2,38226,2,-3,38229,1,0,0
52,3,GOOGL,65802,65818,65810,0,65810,5559,43785,5559,5209,38576,1,2,1
53,2,TSLA,123013,123238,123125,123059,66,5,43790,5,4865,38925,1,0,0
54,7,AMD,55875,56023,55949,0,55949,2182,45972,2182,6564,39408,1,2,1
55,2,TSLA,123013,123080,123046,123125,-79,-7,45965,-7,6074,39891,1,1,0
56,5,NVDA,246118,246528,246323,0,246323,29392,75357,29392,33146,42211,1,2,1
57,1,AAPL,90614,90931,90772,90572,200,61,75418,61,30883,44535,1,1,0
58,4,NFLX,208906,209935,209420,0,209420,10506,85924,10506,38408,47516,1,2,1
59,6,MRVL,31165,31191,31178,0,31178,521,86445,521,35917,50528,1,1,0
60,4,NFLX,209152,209935,209543,209420,123,6,86451,6,32909,53542,1,1,0
61,4,NFLX,209152,209690,209421,209543,-122,-7,86444,-7,29889,56555,1,1,0
62,2,TSLA,123013,123182,123097,123046,51,4,86448,4,26880,59568,1,1,0
63,5,NVDA,246374,246528,246451,246323,128,15,86463,15,23878,62585,1,1,0
64,8,QCOM,57006,57129,57067,0,57067,1591,88054,1591,22355,65699,1,2,1
65,8,QCOM,57006,57119,57062,57067,-5,-1,88053,-1,19240,68813,1,1,0
66,5,NVDA,246118,246528,246323,246451,-128,-16,88037,-16,16110,71927,1,1,0
67,6,MRVL,31130,31191,31160,31178,-18,-1,88036,-1,12996,75040,1,1,0
68,1,AAPL,90614,90624,90619,90772,-153,-47,87989,-47,10187,77802,1,1,0
69,1,AAPL,90614,90931,90772,90619,153,46,88035,46,7467,80568,1,1,0
70,5,NVDA,246374,246528,246451,246323,128,15,88050,15,4852,83198,1,0,0
71,6,MRVL,31130,31227,31178,31160,18,0,88050,0,2222,85828,1,0,0
72,5,NVDA,246118,246528,246323,246451,-128,-16,88034,-16,1414,86620,1,0,0
73,2,TSLA,123013,123213,123113,123097,16,1,88035,1,626,87409,1,0,0
74,8,QCOM,56955,57119,57037,57062,-25,-1,88034,-1,493,87541,1,0,0
75,3,GOOGL,65777,65818,65797,65810,-13,-2,88032,-2,392,87640,1,0,0
76,3,GOOGL,65797,65818,65807,65797,10,0,88032,0,293,87739,1,0,0
77,9,MSFT,166707,166769,166738,0,166738,43740,131772,43740,41200,90572,1,2,1
78,2,TSLA,123013,123238,123125,123113,12,1,131773,1,38369,93404,1,1,0
79,5,NVDA,246118,246784,246451,246323,128,15,131788,15,35551,96237,1,1,0
80,5,NVDA,246118,246856,246487,246451,36,4,131792,4,32821,98971,1,1,0
81,5,NVDA,246118,246502,246310,246487,-177,-22,131770,-22,30067,101703,1,1,0
82,5,NVDA,246118,246856,246487,246310,177,21,131791,21,27353,104438,1,1,0
83,5,NVDA,246374,246856,246615,246487,128,15,131806,15,24633,107173,1,1,0
84,5,NVDA,246118,246856,246487,246615,-128,-16,131790,-16,21879,109911,1,1,0
85,2,TSLA,123013,123182,123097,123125,-28,-3,131787,-3,19141,112646,1,1,0
86,5,NVDA,246333,246856,246594,246487,107,12,131799,12,16419,115380,1,1,0
87,5,NVDA,246118,246856,246487,246594,-107,-13,131786,-13,13673,118113,1,1,0
88,5,NVDA,246118,246758,246438,246487,-49,-6,131780,-6,10933,120847,1,1,0
89,5,NVDA,246118,246497,246307,246438,-131,-16,131764,-16,8183,123581,1,1,0
90,2,TSLA,123013,123238,123125,123097,28,2,131766,2,5452,126314,1,1,0
91,5,NVDA,246118,246758,246438,246307,131,15,131781,15,2733,129048,1,0,0
92,6,MRVL,31160,31227,31193,31178,15,0,131781,0,-1,131782,1,0,0
93,6,MRVL,31160,31191,31175,31193,-18,-1,131780,-1,-3,131783,1,0,0
94,5,NVDA,246118,246497,246307,246438,-131,-16,131764,-16,-18,131782,1,0,0
95,10,PLTR,7552,7588,7570,0,7570,63,131827,63,42,131785,1,0,0
96,7,AMD,55875,55951,55913,55949,-36,-2,131825,-2,38,131787,1,0,0
97,7,AMD,55875,56023,55949,55913,36,1,131826,1,36,131790,1,0,0
98,5,NVDA,246118,246758,246438,246307,131,15,131841,15,48,131793,1,0,0
99,8,QCOM,57006,57119,57062,57037,25,0,131841,0,45,131796,1,0,0
100,6,MRVL,31160,31227,31193,31175,18,0,131841,0,42,131799,1,0,0
101,6,MRVL,31130,31227,31178,31193,-15,-1,131840,-1,38,131802,1,0,0
102,6,MRVL,31160,31227,31193,31178,15,0,131840,0,35,131805,1,0,0
103,6,MRVL,31130,31227,31178,31193,-15,-1,131839,-1,31,131808,1,0,0
104,7,AMD,55941,56023,55982,55949,33,1,131840,1,28,131812,1,0,0
105,7,AMD,55941,55956,55948,55982,-34,-2,131838,-2,22,131816,1,0,0
106,7,AMD,55941,56023,55982,55948,34,1,131839,1,18,131821,1,0,0
107,8,QCOM,56955,57119,57037,57062,-25,-1,131838,-1,13,131825,1,0,0
108,7,AMD,55875,56023,55949,55982,-33,-2,131836,-2,8,131828,1,0,0
109,9,MSFT,166733,166769,166751,166738,13,3,131839,3,7,131832,1,0,0
110,7,AMD,55936,56023,55979,55949,30,1,131840,1,4,131836,1,0,0
111,7,AMD,55936,55962,55949,55979,-30,-2,131838,-2,1,131837,1,0,0
112,7,AMD,55936,56023,55979,55949,30,1,131839,1,1,131838,1,0,0
113,7,AMD,55875,56023,55949,55979,-30,-2,131837,-2,-2,131839,1,0,0
114,6,MRVL,31130,31186,31158,31178,-20,-1,131836,-1,-2,131838,1,0,0
115,6,MRVL,31160,31186,31173,31158,15,0,131836,0,-2,131838,1,0,0
116,6,MRVL,31160,31227,31193,31173,20,0,131836,0,-2,131838,1,0,0
117,1,AAPL,90614,90629,90621,90772,-151,-47,131789,-47,-46,131835,1,0,0
118,5,NVDA,246333,246758,246545,246438,107,12,131801,12,-31,131832,1,0,0
119,5,NVDA,246118,246758,246438,246545,-107,-13,131788,-13,-41,131829,1,0,0
120,7,AMD,55936,56023,55979,55949,30,1,131789,1,-37,131826,1,0,0
121,1,AAPL,90614,90931,90772,90621,151,46,131835,46,9,131826,1,0,0
122,5,NVDA,246118,246497,246307,246438,-131,-16,131819,-16,-5,131824,1,0,0
123,7,AMD,55936,55967,55951,55979,-28,-2,131817,-2,-6,131823,1,0,0
124,7,AMD,55936,56023,55979,55951,28,1,131818,1,-4,131822,1,0,0
125,5,NVDA,246333,246497,246415,246307,108,12,131830,12,9,131821,1,0,0
126,5,NVDA,246118,246497,246307,246415,-108,-13,131817,-13,-3,131820,1,0,0
127,7,AMD,55875,56023,55949,55979,-30,-2,131815,-2,-3,131818,1,0,0
128,5,NVDA,246333,246497,246415,246307,108,12,131827,12,9,131818,1,0,0
129,5,NVDA,246118,246497,246307,246415,-108,-13,131814,-13,-2,131816,1,0,0
130,7,AMD,55941,56023,55982,55949,33,1,131815,1,0,131815,1,0,0
131,7,AMD,55875,56023,55949,55982,-33,-2,131813,-2,0,131813,1,0,0
132,7,AMD,55875,55956,55915,55949,-34,-2,131811,-2,-1,131812,1,0,0
133,10,PLTR,7532,7588,7560,7570,-10,-1,131810,-1,-3,131813,1,0,0
134,10,PLTR,7557,7588,7572,7560,12,0,131810,0,-4,131814,1,0,0
135,10,PLTR,7532,7588,7560,7572,-12,-1,131809,-1,-6,131815,1,0,0
136,10,PLTR,7532,7583,7557,7560,-3,-1,131808,-1,-8,131816,1,0,0
137,1,AAPL,90614,90629,90621,90772,-151,-47,131761,-47,-51,131812,1,0,0
138,1,AAPL,90214,90629,90421,90621,-200,-62,131699,-62,-105,131804,1,0,0
139,10,PLTR,7532,7588,7560,7557,3,0,131699,0,-98,131797,1,0,0
140,7,AMD,55936,55956,55946,55915,31,1,131700,1,-89,131789,1,0,0
141,10,PLTR,7552,7588,7570,7560,10,0,131700,0,-81,131781,1,0,0
142,6,MRVL,31130,31227,31178,31193,-15,-1,131699,-1,-75,131774,1,0,0
143,6,MRVL,31165,31227,31196,31178,18,0,131699,0,-68,131767,1,0,0
144,10,PLTR,7532,7588,7560,7570,-10,-1,131698,-1,-61,131759,1,0,0
145,4,NFLX,209152,209935,209543,209421,122,6,131704,6,-48,131752,1,0,0
146,4,NFLX,209152,209654,209403,209543,-140,-8,131696,-8,-48,131744,1,0,0
147,4,NFLX,208906,209654,209280,209403,-123,-7,131689,-7,-48,131737,1,0,0
148,4,NFLX,208829,209654,209241,209280,-39,-2,131687,-2,-42,131729,1,0,0
149,10,PLTR,7532,7567,7549,7560,-11,-1,131686,-1,-35,131721,1,0,0
150,1,AAPL,90214,90931,90572,90421,151,46,131732,46,16,131716,1,0,0
151,1,AAPL,90214,90629,90421,90572,-151,-47,131685,-47,-23,131708,1,0,0
152,1,AAPL,90214,90931,90572,90421,151,46,131731,46,27,131704,1,0,0
153,4,NFLX,208906,209654,209280,209241,39,1,131732,1,30,131702,1,0,0
154,10,PLTR,7532,7588,7560,7549,11,0,131732,0,28,131704,1,0,0
155,4,NFLX,209152,209654,209403,209280,123,6,131738,6,32,131706,1,0,0
156,10,PLTR,7557,7588,7572,7560,12,0,131738,0,29,131709,1,0,0
157,10,PLTR,7532,7588,7560,7572,-12,-1,131737,-1,26,131711,1,0,0
158,2,TSLA,122911,123238,123074,123125,-51,-5,131732,-5,19,131713,1,0,0
159,2,TSLA,123023,123238,123130,123074,56,4,131736,4,21,131715,1,0,0
160,2,TSLA,123023,123182,123102,123130,-28,-3,131733,-3,15,131718,1,0,0
161,2,TSLA,122911,123182,123046,123102,-56,-5,131728,-5,9,131719,1,0,0
162,2,TSLA,122911,123238,123074,123046,28,2,131730,2,9,131721,1,0,0
163,6,MRVL,31130,31227,31178,31196,-18,-1,131729,-1,5,131724,1,0,0
164,6,MRVL,31165,31227,31196,31178,18,0,131729,0,3,131726,1,0,0
165,6,MRVL,31130,31227,31178,31196,-18,-1,131728,-1,-1,131729,1,0,0
166,5,NVDA,246333,246497,246415,246307,108,12,131740,12,11,131729,1,0,0
167,5,NVDA,246118,246497,246307,246415,-108,-13,131727,-13,-5,131732,1,0,0
168,5,NVDA,246349,246497,246423,246307,116,13,131740,13,7,131733,1,0,0
169,5,NVDA,246118,246497,246307,246423,-116,-14,131726,-14,-6,131732,1,0,0
170,10,PLTR,7557,7588,7572,7560,12,0,131726,0,-6,131732,1,0,0
171,2,TSLA,123044,123238,123141,123074,67,5,131731,5,0,131731,1,0,0
172,1,AAPL,90214,90629,90421,90572,-151,-47,131684,-47,-44,131728,1,0,0
173,6,MRVL,31165,31227,31196,31178,18,0,131684,0,-41,131725,1,0,0
174,6,MRVL,31130,31227,31178,31196,-18,-1,131683,-1,-39,131722,1,0,0
175,5,NVDA,246349,246497,246423,246307,116,13,131696,13,-23,131719,1,0,0
176,5,NVDA,246118,246497,246307,246423,-116,-14,131682,-14,-34,131716,1,0,0
177,7,AMD,55875,55956,55915,55946,-31,-2,131680,-2,-33,131713,1,0,0
178,7,AMD,55936,55956,55946,55915,31,1,131681,1,-29,131710,1,0,0
179,7,AMD,55875,55956,55915,55946,-31,-2,131679,-2,-28,131707,1,0,0
180,1,AAPL,90214,90931,90572,90421,151,46,131725,46,18,131707,1,0,0
181,1,AAPL,90214,90624,90419,90572,-153,-47,131678,-47,-25,131703,1,0,0
182,1,AAPL,90214,90931,90572,90419,153,46,131724,46,22,131702,1,0,0
183,2,TSLA,122911,123238,123074,123141,-67,-6,131718,-6,16,131702,1,0,0
184,2,TSLA,123044,123238,123141,123074,67,5,131723,5,22,131701,1,0,0
185,2,TSLA,122911,123238,123074,123141,-67,-6,131717,-6,17,131700,1,0,0
186,5,NVDA,246118,246758,246438,246307,131,15,131732,15,31,131701,1,0,0
187,5,NVDA,246118,246436,246277,246438,-161,-20,131712,-20,13,131699,1,0,0
188,5,NVDA,246118,246758,246438,246277,161,19,131731,19,29,131702,1,0,0
189,5,NVDA,246333,246758,246545,246438,107,12,131743,12,37,131706,1,0,0
190,5,NVDA,246118,246758,246438,246545,-107,-13,131730,-13,21,131709,1,0,0
191,5,NVDA,246118,246436,246277,246438,-161,-20,131710,-20,0,131710,1,0,0
192,1,AAPL,90214,90619,90416,90572,-156,-48,131662,-48,-47,131709,1,0,0
193,1,AAPL,90214,90931,90572,90416,156,47,131709,47,-1,131710,1,0,0
194,2,TSLA,123044,123238,123141,123074,67,5,131714,5,2,131712,1,0,0
195,2,TSLA,122911,123238,123074,123141,-67,-6,131708,-6,-6,131714,1,0,0
196,6,MRVL,31165,31227,31196,31178,18,0,131708,0,-5,131713,1,0,0
197,6,MRVL,31130,31227,31178,31196,-18,-1,131707,-1,-8,131715,1,0,0
198,6,MRVL,31130,31191,31160,31178,-18,-1,131706,-1,-8,131714,1,0,0
199,6,MRVL,31130,31227,31178,31160,18,0,131706,0,-7,131713,1,0,0
200,1,AAPL,90214,90619,90416,90572,-156,-48,131658,-48,-51,131709,1,0,0
201,1,AAPL,90214,90931,90572,90416,156,47,131705,47,-3,131708,1,0,0
202,5,NVDA,246333,246436,246384,246277,107,12,131717,12,10,131707,1,0,0
203,2,TSLA,123044,123238,123141,123074,67,5,131722,5,14,131708,1,0,0
204,2,TSLA,122911,123238,123074,123141,-67,-6,131716,-6,9,131707,1,0,0
205,10,PLTR,7532,7588,7560,7572,-12,-1,131715,-1,10,131705,1,0,0
206,1,AAPL,90214,90614,90414,90572,-158,-49,131666,-49,-35,131701,1,0,0
207,5,NVDA,246118,246436,246277,246384,-107,-13,131653,-13,-45,131698,1,0,0
208,5,NVDA,246333,246436,246384,246277,107,12,131665,12,-33,131698,1,0,0
209,5,NVDA,246118,246436,246277,246384,-107,-13,131652,-13,-42,131694,1,0,0
210,10,PLTR,7557,7588,7572,7560,12,0,131652,0,-39,131691,1,0,0
211,10,PLTR,7532,7588,7560,7572,-12,-1,131651,-1,-36,131687,1,0,0
212,6,MRVL,31171,31227,31199,31178,21,0,131651,0,-32,131683,1,0,0
213,6,MRVL,31130,31227,31178,31199,-21,-1,131650,-1,-30,131680,1,0,0
214,5,NVDA,246333,246436,246384,246277,107,12,131662,12,-15,131677,1,0,0
215,5,NVDA,246118,246436,246277,246384,-107,-13,131649,-13,-25,131674,1,0,0
216,1,AAPL,90598,90614,90606,90414,192,58,131707,58,30,131677,1,0,0
217,1,AAPL,90214,90614,90414,90606,-192,-59,131648,-59,-25,131673,1,0,0
218,2,TSLA,123044,123238,123141,123074,67,5,131653,5,-16,131669,1,0,0
219,1,AAPL,90214,90931,90572,90414,158,48,131701,48,33,131668,1,0,0
220,5,NVDA,246333,246436,246384,246277,107,12,131713,12,45,131668,1,0,0
221,5,NVDA,246118,246436,246277,246384,-107,-13,131700,-13,33,131667,1,0,0
222,6,MRVL,31130,31191,31160,31178,-18,-1,131699,-1,30,131669,1,0,0
223,6,MRVL,31130,31227,31178,31160,18,0,131699,0,27,131672,1,0,0
224,2,TSLA,123044,123290,123167,123141,26,2,131701,2,27,131674,1,0,0
225,1,AAPL,90593,90931,90762,90572,190,58,131759,58,79,131680,1,0,0
226,7,AMD,55875,56023,55949,55915,34,1,131760,1,73,131687,1,0,0
227,7,AMD,55875,55951,55913,55949,-36,-2,131758,-2,64,131694,1,0,0
228,7,AMD,55926,55951,55938,55913,25,0,131758,0,57,131701,1,0,0
229,7,AMD,55875,55951,55913,55938,-25,-1,131757,-1,50,131707,1,0,0
230,7,AMD,55875,56023,55949,55913,36,1,131758,1,45,131713,1,0,0
231,7,AMD,55910,56023,55966,55949,17,0,131758,0,38,131720,1,0,0
232,7,AMD,55910,55931,55920,55966,-46,-2,131756,-2,33,131723,1,0,0
233,7,AMD,55910,56023,55966,55920,46,1,131757,1,27,131730,1,0,0
234,7,AMD,55875,56023,55949,55966,-17,-1,131756,-1,20,131736,1,0,0
235,6,MRVL,31130,31191,31160,31178,-18,-1,131755,-1,15,131740,1,0,0
236,6,MRVL,31130,31227,31178,31160,18,0,131755,0,13,131742,1,0,0
237,4,NFLX,208906,209654,209280,209403,-123,-7,131748,-7,3,131745,1,0,0
238,5,NVDA,246333,246436,246384,246277,107,12,131760,12,11,131749,1,0,0
239,5,NVDA,246118,246436,246277,246384,-107,-13,131747,-13,-5,131752,1,0,0
240,1,AAPL,90214,90931,90572,90762,-190,-59,131688,-59,-63,131751,1,0,0
241,1,AAPL,90588,90931,90759,90572,187,57,131745,57,-6,131751,1,0,0
242,1,AAPL,90214,90931,90572,90759,-187,-58,131687,-58,-59,131746,1,0,0
243,7,AMD,55916,56023,55969,55949,20,0,131687,0,-55,131742,1,0,0
244,7,AMD,55916,55936,55926,55969,-43,-2,131685,-2,-52,131737,1,0,0
245,5,NVDA,246333,246436,246384,246277,107,12,131697,12,-36,131733,1,0,0
246,7,AMD,55875,55936,55905,55926,-21,-1,131696,-1,-33,131729,1,0,0
247,7,AMD,55875,56023,55949,55905,44,1,131697,1,-29,131726,1,0,0
248,5,NVDA,246118,246436,246277,246384,-107,-13,131684,-13,-37,131721,1,0,0
249,5,NVDA,246426,246436,246431,246277,154,18,131702,18,-16,131718,1,0,0
250,7,AMD,55916,56023,55969,55949,20,0,131702,0,-12,131714,1,0,0
251,7,AMD,55916,55941,55928,55969,-41,-2,131700,-2,-11,131711,1,0,0
252,1,AAPL,90588,90931,90759,90572,187,57,131757,57,46,131711,1,0,0
253,1,AAPL,90214,90931,90572,90759,-187,-58,131699,-58,-9,131708,1,0,0
254,5,NVDA,246118,246436,246277,246431,-154,-19,131680,-19,-23,131703,1,0,0
255,6,MRVL,31171,31227,31199,31178,21,0,131680,0,-19,131699,1,0,0
256,6,MRVL,31130,31227,31178,31199,-21,-1,131679,-1,-19,131698,1,0,0
257,6,MRVL,31130,31191,31160,31178,-18,-1,131678,-1,-16,131694,1,0,0
258,2,TSLA,122911,123290,123100,123167,-67,-6,131672,-6,-21,131693,1,0,0
259,6,MRVL,31130,31227,31178,31160,18,0,131672,0,-20,131692,1,0,0
260,2,TSLA,123054,123290,123172,123100,72,6,131678,6,-14,131692,1,0,0
261,2,TSLA,122911,123290,123100,123172,-72,-7,131671,-7,-19,131690,1,0,0
262,1,AAPL,90588,90931,90759,90572,187,57,131728,57,36,131692,1,0,0
263,1,AAPL,90214,90931,90572,90759,-187,-58,131670,-58,-20,131690,1,0,0
264,7,AMD,55916,56023,55969,55928,41,1,131671,1,-18,131689,1,0,0
265,7,AMD,55916,55946,55931,55969,-38,-2,131669,-2,-18,131687,1,0,0
266,2,TSLA,123064,123290,123177,123100,77,6,131675,6,-11,131686,1,0,0
267,1,AAPL,90583,90931,90757,90572,185,56,131731,56,43,131688,1,0,0
268,1,AAPL,90214,90931,90572,90757,-185,-57,131674,-57,-8,131682,1,0,0
269,9,MSFT,166707,166769,166738,166751,-13,-4,131670,-4,-11,131681,1,0,0
270,10,PLTR,7562,7588,7575,7560,15,0,131670,0,-10,131680,1,0,0
271,10,PLTR,7532,7588,7560,7575,-15,-1,131669,-1,-10,131679,1,0,0
272,7,AMD,55875,55946,55910,55931,-21,-1,131668,-1,-11,131679,1,0,0
273,7,AMD,55921,55946,55933,55910,23,0,131668,0,-10,131678,1,0,0
274,1,AAPL,90583,90931,90757,90572,185,56,131724,56,43,131681,1,0,0
275,6,MRVL,31171,31227,31199,31178,21,0,131724,0,39,131685,1,0,0
276,6,MRVL,31171,31191,31181,31199,-18,-1,131723,-1,36,131687,1,0,0
277,1,AAPL,90214,90931,90572,90757,-185,-57,131666,-57,-21,131687,1,0,0
278,10,PLTR,7532,7578,7555,7560,-5,-1,131665,-1,-18,131683,1,0,0
279,10,PLTR,7532,7588,7560,7555,5,0,131665,0,-18,131683,1,0,0
280,10,PLTR,7562,7588,7575,7560,15,0,131665,0,-17,131682,1,0,0
281,10,PLTR,7532,7588,7560,7575,-15,-1,131664,-1,-18,131682,1,0,0
282,1,AAPL,90583,90931,90757,90572,185,56,131720,56,35,131685,1,0,0
283,6,MRVL,31130,31191,31160,31181,-21,-1,131719,-1,35,131684,1,0,0
284,6,MRVL,31130,31227,31178,31160,18,0,131719,0,32,131687,1,0,0
285,6,MRVL,31130,31191,31160,31178,-18,-1,131718,-1,28,131690,1,0,0
286,6,MRVL,31130,31227,31178,31160,18,0,131718,0,25,131693,1,0,0
287,2,TSLA,123064,123238,123151,123177,-26,-3,131715,-3,19,131696,1,0,0
288,9,MSFT,166717,166769,166743,166738,5,1,131716,1,17,131699,1,0,0
289,10,PLTR,7562,7588,7575,7560,15,0,131716,0,14,131702,1,0,0
290,2,TSLA,122911,123238,123074,123151,-77,-7,131709,-7,8,131701,1,0,0
291,1,AAPL,90214,90931,90572,90757,-185,-57,131652,-57,-44,131696,1,0,0
292,1,AAPL,90583,90931,90757,90572,185,56,131708,56,13,131695,1,0,0
293,1,AAPL,90214,90931,90572,90757,-185,-57,131651,-57,-44,131695,1,0,0
294,4,NFLX,209152,209654,209403,209280,123,6,131657,6,-37,131694,1,0,0
295,2,TSLA,123059,123238,123148,123074,74,6,131663,6,-31,131694,1,0,0
296,7,AMD,55849,55946,55897,55933,-36,-2,131661,-2,-33,131694,1,0,0
297,7,AMD,55921,55946,55933,55897,36,1,131662,1,-32,131694,1,0,0
298,1,AAPL,90588,90931,90759,90572,187,57,131719,57,26,131693,1,0,0
299,6,MRVL,31130,31191,31160,31178,-18,-1,131718,-1,25,131693,1,0,0
300,6,MRVL,31165,31191,31178,31160,18,0,131718,0,25,131693,1,0,0
301,6,MRVL,31130,31191,31160,31178,-18,-1,131717,-1,24,131693,1,0,0
302,6,MRVL,31130,31227,31178,31160,18,0,131717,0,24,131693,1,0,0
303,2,TSLA,122911,123238,123074,123148,-74,-7,131710,-7,17,131693,1,0,0
304,1,AAPL,90214,90931,90572,90759,-187,-58,131652,-58,-37,131689,1,0,0
305,1,AAPL,90588,90931,90759,90572,187,57,131709,57,21,131688,1,0,0
306,2,TSLA,123059,123238,123148,123074,74,6,131715,6,26,131689,1,0,0
307,2,TSLA,122911,123238,123074,123148,-74,-7,131708,-7,16,131692,1,0,0
308,7,AMD,55849,55946,55897,55933,-36,-2,131706,-2,14,131692,1,0,0
309,7,AMD,55921,55946,55933,55897,36,1,131707,1,11,131696,1,0,0
310,7,AMD,55849,55946,55897,55933,-36,-2,131705,-2,6,131699,1,0,0
311,2,TSLA,123059,123238,123148,123074,74,6,131711,6,9,131702,1,0,0
312,5,NVDA,246400,246436,246418,246277,141,16,131727,16,21,131706,1,0,0
313,7,AMD,55818,55946,55882,55897,-15,-1,131726,-1,16,131710,1,0,0
314,7,AMD,55844,55946,55895,55882,13,0,131726,0,16,131710,1,0,0
315,1,AAPL,90214,90931,90572,90759,-187,-58,131668,-58,-39,131707,1,0,0
316,1,AAPL,90593,90931,90762,90572,190,58,131726,58,18,131708,1,0,0
317,7,AMD,55916,55946,55931,55895,36,1,131727,1,19,131708,1,0,0
318,6,MRVL,31130,31191,31160,31178,-18,-1,131726,-1,17,131709,1,0,0
319,6,MRVL,31130,31227,31178,31160,18,0,131726,0,16,131710,1,0,0
320,1,AAPL,90214,90931,90572,90762,-190,-59,131667,-59,-44,131711,1,0,0
321,5,NVDA,246118,246436,246277,246418,-141,-17,131650,-17,-57,131707,1,0,0
322,5,NVDA,246420,246436,246428,246277,151,18,131668,18,-36,131704,1,0,0
323,5,NVDA,246118,246436,246277,246428,-151,-19,131649,-19,-51,131700,1,0,0
324,1,AAPL,89907,90931,90419,90572,-153,-47,131602,-47,-92,131694,1,0,0
325,5,NVDA,246420,246436,246428,246277,151,18,131620,18,-69,131689,1,0,0
326,5,NVDA,246118,246436,246277,246428,-151,-19,131601,-19,-81,131682,1,0,0
327,1,AAPL,90593,90931,90762,90419,343,104,131705,104,23,131682,1,0,0
328,1,AAPL,89907,90931,90419,90762,-343,-105,131600,-105,-74,131674,1,0,0
329,1,AAPL,90163,90931,90547,90419,128,39,131639,39,-29,131668,1,0,0
330,5,NVDA,246420,246436,246428,246277,151,18,131657,18,-7,131664,1,0,0
331,5,NVDA,246118,246436,246277,246428,-151,-19,131638,-19,-24,131662,1,0,0
332,5,NVDA,246420,246436,246428,246277,151,18,131656,18,-2,131658,1,0,0
333,5,NVDA,246118,246436,246277,246428,-151,-19,131637,-19,-15,131652,1,0,0
334,1,AAPL,90593,90931,90762,90547,215,65,131702,65,51,131651,1,0,0
335,10,PLTR,7532,7588,7560,7575,-15,-1,131701,-1,52,131649,1,0,0
336,1,AAPL,90163,90931,90547,90762,-215,-66,131635,-66,-12,131647,1,0,0
337,5,NVDA,246420,246436,246428,246277,151,18,131653,18,6,131647,1,0,0
338,2,TSLA,122911,123238,123074,123148,-74,-7,131646,-7,0,131646,1,0,0
339,2,TSLA,123075,123238,123156,123074,82,7,131653,7,7,131646,1,0,0
340,2,TSLA,123075,123290,123182,123156,26,2,131655,2,6,131649,1,0,0
341,10,PLTR,7562,7588,7575,7560,15,0,131655,0,3,131652,1,0,0
342,1,AAPL,90593,90931,90762,90547,215,65,131720,65,61,131659,1,0,0
343,1,AAPL,90163,90931,90547,90762,-215,-66,131654,-66,-2,131656,1,0,0
344,9,MSFT,166707,166758,166732,166743,-11,-3,131651,-3,-8,131659,1,0,0
345,5,NVDA,246118,246436,246277,246428,-151,-19,131632,-19,-27,131659,1,0,0
346,5,NVDA,246420,246436,246428,246277,151,18,131650,18,-8,131658,1,0,0
347,5,NVDA,246118,246436,246277,246428,-151,-19,131631,-19,-27,131658,1,0,0
348,1,AAPL,90593,90931,90762,90547,215,65,131696,65,36,131660,1,0,0
349,1,AAPL,90163,90931,90547,90762,-215,-66,131630,-66,-30,131660,1,0,0
350,5,NVDA,246420,246436,246428,246277,151,18,131648,18,-8,131656,1,0,0
351,5,NVDA,246118,246436,246277,246428,-151,-19,131629,-19,-23,131652,1,0,0
352,9,MSFT,166687,166753,166720,166732,-12,-4,131625,-4,-26,131651,1,0,0
353,9,MSFT,166687,166769,166728,166720,8,2,131627,2,-23,131650,1,0,0
354,7,AMD,55818,55946,55882,55931,-49,-2,131625,-2,-23,131648,1,0,0
355,7,AMD,55818,56023,55920,55882,38,1,131626,1,-21,131647,1,0,0
356,8,QCOM,56955,57129,57042,57037,5,0,131626,0,-19,131645,1,0,0
357,8,QCOM,56955,57139,57047,57042,5,0,131626,0,-17,131643,1,0,0
358,7,AMD,55869,56023,55946,55920,26,1,131627,1,-10,131637,1,0,0
359,7,AMD,55869,55946,55907,55946,-39,-2,131625,-2,-10,131635,1,0,0
360,7,AMD,55921,55946,55933,55907,26,1,131626,1,-8,131634,1,0,0
361,7,AMD,55921,56023,55972,55933,39,1,131627,1,-7,131634,1,0,0
362,2,TSLA,122911,123290,123100,123182,-82,-8,131619,-8,-13,131632,1,0,0
363,2,TSLA,123075,123290,123182,123100,82,7,131626,7,-5,131631,1,0,0
364,2,TSLA,122911,123290,123100,123182,-82,-8,131618,-8,-8,131626,1,0,0
365,6,MRVL,31130,31191,31160,31178,-18,-1,131617,-1,-9,131626,1,0,0
366,6,MRVL,31130,31227,31178,31160,18,0,131617,0,-7,131624,1,0,0
367,1,AAPL,90588,90931,90759,90547,212,64,131681,64,54,131627,1,0,0
368,1,AAPL,90163,90931,90547,90759,-212,-65,131616,-65,-10,131626,1,0,0
369,5,NVDA,246400,246436,246418,246277,141,16,131632,16,5,131627,1,0,0
370,9,MSFT,166687,166753,166720,166728,-8,-3,131629,-3,2,131627,1,0,0
371,7,AMD,55921,55946,55933,55972,-39,-2,131627,-2,0,131627,1,0,0
372,7,AMD,55869,55946,55907,55933,-26,-2,131625,-2,-2,131627,1,0,0
373,7,AMD,55921,55946,55933,55907,26,1,131626,1,-1,131627,1,0,0
374,2,TSLA,123064,123290,123177,123100,77,6,131632,6,5,131627,1,0,0
375,10,PLTR,7532,7588,7560,7575,-15,-1,131631,-1,3,131628,1,0,0
376,1,AAPL,90583,90931,90757,90547,210,64,131695,64,63,131632,1,0,0
377,1,AAPL,90163,90931,90547,90757,-210,-65,131630,-65,-2,131632,1,0,0
378,10,PLTR,7562,7588,7575,7560,15,0,131630,0,-3,131633,1,0,0
379,9,MSFT,166687,166769,166728,166720,8,2,131632,2,-1,131633,1,0,0
380,9,MSFT,166687,166753,166720,166728,-8,-3,131629,-3,-5,131634,1,0,0
381,1,AAPL,90214,90931,90572,90547,25,7,131636,7,1,131635,1,0,0
382,1,AAPL,90583,90931,90757,90572,185,56,131692,56,52,131640,1,0,0
383,10,PLTR,7532,7588,7560,7575,-15,-1,131691,-1,51,131640,1,0,0
384,1,AAPL,90214,90931,90572,90757,-185,-57,131634,-57,-7,131641,1,0,0
385,1,AAPL,89907,90931,90419,90572,-153,-47,131587,-47,-52,131639,1,0,0
386,7,AMD,55869,55946,55907,55933,-26,-2,131585,-2,-51,131636,1,0,0
387,7,AMD,55921,55946,55933,55907,26,1,131586,1,-47,131633,1,0,0
388,7,AMD,55869,55946,55907,55933,-26,-2,131584,-2,-47,131631,1,0,0
389,9,MSFT,166687,166769,166728,166720,8,2,131586,2,-42,131628,1,0,0
390,1,AAPL,90163,90931,90547,90419,128,39,131625,39,-3,131628,1,0,0
391,7,AMD,55921,55946,55933,55907,26,1,131626,1,-2,131628,1,0,0
392,2,TSLA,122911,123290,123100,123177,-77,-7,131619,-7,-4,131623,1,0,0
393,2,TSLA,123085,123290,123187,123100,87,7,131626,7,3,131623,1,0,0
394,2,TSLA,123085,123443,123264,123187,77,6,131632,6,9,131623,1,0,0
395,1,AAPL,90578,90931,90754,90547,207,63,131695,63,68,131627,1,0,0
396,9,MSFT,166687,166753,166720,166728,-8,-3,131692,-3,61,131631,1,0,0
397,5,NVDA,246118,246436,246277,246418,-141,-17,131675,-17,42,131633,1,0,0
398,5,NVDA,246400,246436,246418,246277,141,16,131691,16,58,131633,1,0,0
399,5,NVDA,246118,246436,246277,246418,-141,-17,131674,-17,42,131632,1,0,0
400,2,TSLA,122911,123443,123177,123264,-87,-8,131666,-8,32,131634,1,0,0
401,2,TSLA,123085,123443,123264,123177,87,7,131673,7,34,131639,1,0,0
402,5,NVDA,246400,246436,246418,246277,141,16,131689,16,43,131646,1,0,0
403,9,MSFT,166687,166769,166728,166720,8,2,131691,2,39,131652,1,0,0
404,9,MSFT,166687,166738,166712,166728,-16,-5,131686,-5,27,131659,1,0,0
405,9,MSFT,166671,166769,166720,166712,8,2,131688,2,23,131665,1,0,0
406,6,MRVL,31165,31227,31196,31178,18,0,131688,0,19,131669,1,0,0
407,6,MRVL,31130,31227,31178,31196,-18,-1,131687,-1,14,131673,1,0,0
408,2,TSLA,122911,123443,123177,123264,-87,-8,131679,-8,2,131677,1,0,0
409,2,TSLA,123100,123443,123271,123177,94,8,131687,8,7,131680,1,0,0
410,5,NVDA,246118,246436,246277,246418,-141,-17,131670,-17,-13,131683,1,0,0
411,5,NVDA,246400,246436,246418,246277,141,16,131686,16,4,131682,1,0,0
412,5,NVDA,246118,246436,246277,246418,-141,-17,131669,-17,-12,131681,1,0,0
413,2,TSLA,122911,123443,123177,123271,-94,-9,131660,-9,-20,131680,1,0,0
414,2,TSLA,122911,123269,123090,123177,-87,-8,131652,-8,-25,131677,1,0,0
415,2,TSLA,122911,123443,123177,123090,87,7,131659,7,-17,131676,1,0,0
416,1,AAPL,90163,90931,90547,90754,-207,-64,131595,-64,-77,131672,1,0,0
417,5,NVDA,246400,246436,246418,246277,141,16,131611,16,-57,131668,1,0,0
418,5,NVDA,246118,246436,246277,246418,-141,-17,131594,-17,-68,131662,1,0,0
419,2,TSLA,123136,123443,123289,123177,112,9,131603,9,-54,131657,1,0,0
420,9,MSFT,166666,166769,166717,166720,-3,-1,131602,-1,-49,131651,1,0,0
421,9,MSFT,166666,166707,166686,166717,-31,-9,131593,-9,-52,131645,1,0,0
422,1,AAPL,90578,90931,90754,90547,207,63,131656,63,13,131643,1,0,0
423,5,NVDA,246400,246436,246418,246277,141,16,131672,16,29,131643,1,0,0
424,5,NVDA,246118,246436,246277,246418,-141,-17,131655,-17,14,131641,1,0,0
425,1,AAPL,90163,90931,90547,90754,-207,-64,131591,-64,-44,131635,1,0,0
426,7,AMD,55921,56023,55972,55933,39,1,131592,1,-38,131630,1,0,0
427,7,AMD,55921,55946,55933,55972,-39,-2,131590,-2,-34,131624,1,0,0
428,7,AMD,55869,55946,55907,55933,-26,-2,131588,-2,-31,131619,1,0,0
429,7,AMD,55921,55946,55933,55907,26,1,131589,1,-26,131615,1,0,0
430,7,AMD,55921,56023,55972,55933,39,1,131590,1,-21,131611,1,0,0
431,7,AMD,55849,56023,55936,55972,-36,-2,131588,-2,-18,131606,1,0,0
432,4,NFLX,209152,209935,209543,209403,140,7,131595,7,-11,131606,1,0,0
433,1,AAPL,90583,90931,90757,90547,210,64,131659,64,50,131609,1,0,0
434,9,MSFT,166666,166769,166717,166686,31,8,131667,8,53,131614,1,0,0
435,7,AMD,55921,56023,55972,55936,36,1,131668,1,50,131618,1,0,0
436,9,MSFT,166676,166769,166722,166717,5,1,131669,1,47,131622,1,0,0
437,2,TSLA,123136,123290,123213,123289,-76,-7,131662,-7,36,131626,1,0,0
438,1,AAPL,90214,90931,90572,90757,-185,-57,131605,-57,-18,131623,1,0,0
439,1,AAPL,90583,90931,90757,90572,185,56,131661,56,38,131623,1,0,0
440,1,AAPL,90214,90931,90572,90757,-185,-57,131604,-57,-15,131619,1,0,0
441,5,NVDA,246400,246436,246418,246277,141,16,131620,16,-1,131621,1,0,0
442,5,NVDA,246118,246436,246277,246418,-141,-17,131603,-17,-19,131622,1,0,0
443,6,MRVL,31171,31227,31199,31178,21,0,131603,0,-20,131623,1,0,0
444,7,AMD,55921,55936,55928,55972,-44,-2,131601,-2,-23,131624,1,0,0
445,6,MRVL,31130,31227,31178,31199,-21,-1,131600,-1,-24,131624,1,0,0
446,7,AMD,55921,56023,55972,55928,44,1,131601,1,-24,131625,1,0,0
447,1,AAPL,90583,90931,90757,90572,185,56,131657,56,28,131629,1,0,0
448,9,MSFT,166707,166769,166738,166722,16,4,131661,4,28,131633,1,0,0
449,5,NVDA,246400,246436,246418,246277,141,16,131677,16,43,131634,1,0,0
450,5,NVDA,246118,246436,246277,246418,-141,-17,131660,-17,26,131634,1,0,0
451,2,TSLA,123136,123238,123187,123213,-26,-3,131657,-3,24,131633,1,0,0
452,4,NFLX,209152,209690,209421,209543,-122,-7,131650,-7,18,131632,1,0,0
453,9,MSFT,166676,166769,166722,166738,-16,-5,131645,-5,14,131631,1,0,0
454,5,NVDA,246400,246436,246418,246277,141,16,131661,16,26,131635,1,0,0
455,1,AAPL,90214,90931,90572,90757,-185,-57,131604,-57,-27,131631,1,0,0
456,7,AMD,55921,55941,55931,55972,-41,-2,131602,-2,-29,131631,1,0,0
457,7,AMD,55921,56023,55972,55931,41,1,131603,1,-27,131630,1,0,0
458,1,AAPL,90214,90593,90403,90572,-169,-52,131551,-52,-76,131627,1,0,0
459,1,AAPL,90214,90931,90572,90403,169,51,131602,51,-25,131627,1,0,0
460,9,MSFT,166702,166769,166735,166722,13,3,131605,3,-22,131627,1,0,0
461,5,NVDA,246118,246436,246277,246418,-141,-17,131588,-17,-38,131626,1,0,0
462,5,NVDA,246400,246436,246418,246277,141,16,131604,16,-22,131626,1,0,0
463,5,NVDA,246118,246436,246277,246418,-141,-17,131587,-17,-35,131622,1,0,0
464,7,AMD,55921,55941,55931,55972,-41,-2,131585,-2,-32,131617,1,0,0
465,5,NVDA,246400,246436,246418,246277,141,16,131601,16,-11,131612,1,0,0
466,5,NVDA,246118,246436,246277,246418,-141,-17,131584,-17,-24,131608,1,0,0
467,5,NVDA,246400,246436,246418,246277,141,16,131600,16,-4,131604,1,0,0
468,5,NVDA,246118,246436,246277,246418,-141,-17,131583,-17,-17,131600,1,0,0
469,9,MSFT,166687,166769,166728,166735,-7,-2,131581,-2,-15,131596,1,0,0
470,5,NVDA,246400,246436,246418,246277,141,16,131597,16,5,131592,1,0,0
471,5,NVDA,246118,246436,246277,246418,-141,-17,131580,-17,-10,131590,1,0,0
472,6,MRVL,31160,31227,31193,31178,15,0,131580,0,-9,131589,1,0,0
473,6,MRVL,31130,31227,31178,31193,-15,-1,131579,-1,-8,131587,1,0,0
474,1,AAPL,90214,90588,90401,90572,-171,-53,131526,-53,-60,131586,1,0,0
475,4,NFLX,209152,209935,209543,209421,122,6,131532,6,-50,131582,1,0,0
476,5,NVDA,246400,246436,246418,246277,141,16,131548,16,-30,131578,1,0,0
477,5,NVDA,246118,246436,246277,246418,-141,-17,131531,-17,-43,131574,1,0,0
478,6,MRVL,31160,31227,31193,31178,15,0,131531,0,-39,131570,1,0,0
479,4,NFLX,209152,209690,209421,209543,-122,-7,131524,-7,-42,131566,1,0,0
480,5,NVDA,246400,246436,246418,246277,141,16,131540,16,-23,131563,1,0,0
481,5,NVDA,246118,246436,246277,246418,-141,-17,131523,-17,-35,131558,1,0,0
482,5,NVDA,246400,246436,246418,246277,141,16,131539,16,-16,131555,1,0,0
483,5,NVDA,246118,246436,246277,246418,-141,-17,131522,-17,-29,131551,1,0,0
484,5,NVDA,246400,246436,246418,246277,141,16,131538,16,-10,131548,1,0,0
485,5,NVDA,246118,246436,246277,246418,-141,-17,131521,-17,-23,131544,1,0,0
486,5,NVDA,246400,246436,246418,246277,141,16,131537,16,-3,131540,1,0,0
487,5,NVDA,246118,246436,246277,246418,-141,-17,131520,-17,-16,131536,1,0,0
488,5,NVDA,246390,246436,246413,246277,136,16,131536,16,2,131534,1,0,0
489,5,NVDA,246118,246436,246277,246413,-136,-17,131519,-17,-11,131530,1,0,0
490,5,NVDA,246390,246436,246413,246277,136,16,131535,16,4,131531,1,0,0
491,5,NVDA,246118,246436,246277,246413,-136,-17,131518,-17,-12,131530,1,0,0
492,5,NVDA,246390,246436,246413,246277,136,16,131534,16,5,131529,1,0,0
493,5,NVDA,246118,246436,246277,246413,-136,-17,131517,-17,-11,131528,1,0,0
494,1,AAPL,90578,90588,90583,90401,182,55,131572,55,42,131530,1,0,0
495,1,AAPL,90214,90588,90401,90583,-182,-56,131516,-56,-14,131530,1,0,0
496,5,NVDA,246349,246436,246392,246277,115,13,131529,13,0,131529,1,0,0
497,5,NVDA,246118,246436,246277,246392,-115,-14,131515,-14,-14,131529,1,0,0
498,1,AAPL,90578,90588,90583,90401,182,55,131570,55,39,131531,1,0,0
499,5,NVDA,246374,246436,246405,246277,128,15,131585,15,50,131535,1,0,0
500,5,NVDA,246118,246436,246277,246405,-128,-16,131569,-16,32,131537,1,0,0
501,1,AAPL,90214,90588,90401,90583,-182,-56,131513,-56,-23,131536,1,0,0
502,1,AAPL,90578,90588,90583,90401,182,55,131568,55,30,131538,1,0,0
503,1,AAPL,90214,90588,90401,90583,-182,-56,131512,-56,-26,131538,1,0,0
504,6,MRVL,31130,31227,31178,31193,-15,-1,131511,-1,-25,131536,1,0,0
505,6,MRVL,31160,31227,31193,31178,15,0,131511,0,-24,131535,1,0,0
506,6,MRVL,31130,31227,31178,31193,-15,-1,131510,-1,-24,131534,1,0,0
507,5,NVDA,246400,246436,246418,246277,141,16,131526,16,-8,131534,1,0,0
508,5,NVDA,246118,246436,246277,246418,-141,-17,131509,-17,-24,131533,1,0,0
509,5,NVDA,246400,246436,246418,246277,141,16,131525,16,-8,131533,1,0,0
510,5,NVDA,246118,246436,246277,246418,-141,-17,131508,-17,-21,131529,1,0,0
511,1,AAPL,90578,90588,90583,90401,182,55,131563,55,31,131532,1,0,0
512,5,NVDA,246400,246436,246418,246277,141,16,131579,16,44,131535,1,0,0
513,5,NVDA,246118,246436,246277,246418,-141,-17,131562,-17,24,131538,1,0,0
514,1,AAPL,90214,90588,90401,90583,-182,-56,131506,-56,-28,131534,1,0,0
515,5,NVDA,246400,246436,246418,246277,141,16,131522,16,-8,131530,1,0,0
516,5,NVDA,246118,246436,246277,246418,-141,-17,131505,-17,-21,131526,1,0,0
517,2,TSLA,123136,123290,123213,123187,26,2,131507,2,-19,131526,1,0,0
518,5,NVDA,246400,246436,246418,246277,141,16,131523,16,0,131523,1,0,0
519,5,NVDA,246118,246436,246277,246418,-141,-17,131506,-17,-17,131523,1,0,0
520,5,NVDA,246374,246436,246405,246277,128,15,131521,15,-2,131523,1,0,0
521,5,NVDA,246118,246436,246277,246405,-128,-16,131505,-16,-18,131523,1,0,0
522,1,AAPL,90578,90588,90583,90401,182,55,131560,55,34,131526,1,0,0
523,9,MSFT,166671,166717,166694,166728,-34,-9,131551,-9,23,131528,1,0,0
524,5,NVDA,246374,246436,246405,246277,128,15,131566,15,35,131531,1,0,0
525,5,NVDA,246118,246436,246277,246405,-128,-16,131550,-16,17,131533,1,0,0
526,5,NVDA,246400,246436,246418,246277,141,16,131566,16,29,131537,1,0,0
527,5,NVDA,246118,246436,246277,246418,-141,-17,131549,-17,13,131536,1,0,0
528,2,TSLA,123136,123238,123187,123213,-26,-3,131546,-3,12,131534,1,0,0
529,8,QCOM,56955,57149,57052,57047,5,0,131546,0,13,131533,1,0,0
530,8,QCOM,56955,57139,57047,57052,-5,-1,131545,-1,10,131535,1,0,0
531,1,AAPL,90214,90588,90401,90583,-182,-56,131489,-56,-44,131533,1,0,0
532,9,MSFT,166666,166717,166691,166694,-3,-1,131488,-1,-44,131532,1,0,0
533,5,NVDA,246400,246436,246418,246277,141,16,131504,16,-28,131532,1,0,0
534,5,NVDA,246118,246436,246277,246418,-141,-17,131487,-17,-42,131529,1,0,0
535,10,PLTR,7562,7588,7575,7560,15,0,131487,0,-41,131528,1,0,0
536,2,TSLA,123136,123290,123213,123187,26,2,131489,2,-37,131526,1,0,0
537,5,NVDA,246400,246436,246418,246277,141,16,131505,16,-21,131526,1,0,0
538,5,NVDA,246118,246436,246277,246418,-141,-17,131488,-17,-34,131522,1,0,0
539,1,AAPL,90578,90588,90583,90401,182,55,131543,55,22,131521,1,0,0
540,1,AAPL,90214,90588,90401,90583,-182,-56,131487,-56,-29,131516,1,0,0
541,1,AAPL,90578,90588,90583,90401,182,55,131542,55,26,131516,1,0,0
542,5,NVDA,246400,246436,246418,246277,141,16,131558,16,43,131515,1,0,0
543,5,NVDA,246118,246436,246277,246418,-141,-17,131541,-17,26,131515,1,0,0
544,1,AAPL,90214,90588,90401,90583,-182,-56,131485,-56,-26,131511,1,0,0
545,1,AAPL,90578,90588,90583,90401,182,55,131540,55,29,131511,1,0,0
546,1,AAPL,90214,90588,90401,90583,-182,-56,131484,-56,-23,131507,1,0,0
547,7,AMD,55849,55941,55895,55931,-36,-2,131482,-2,-24,131506,1,0,0
548,7,AMD,55818,55941,55879,55895,-16,-1,131481,-1,-25,131506,1,0,0
549,7,AMD,55869,55941,55905,55879,26,1,131482,1,-23,131505,1,0,0
550,7,AMD,55921,55941,55931,55905,26,1,131483,1,-21,131504,1,0,0
551,2,TSLA,123136,123238,123187,123213,-26,-3,131480,-3,-24,131504,1,0,0
552,5,NVDA,246400,246436,246418,246277,141,16,131496,16,-8,131504,1,0,0
553,7,AMD,55869,55941,55905,55931,-26,-2,131494,-2,-10,131504,1,0,0
554,5,NVDA,246118,246436,246277,246418,-141,-17,131477,-17,-26,131503,1,0,0
555,5,NVDA,246400,246436,246418,246277,141,16,131493,16,-7,131500,1,0,0
556,5,NVDA,246118,246436,246277,246418,-141,-17,131476,-17,-23,131499,1,0,0
557,7,AMD,55926,55941,55933,55905,28,1,131477,1,-18,131495,1,0,0
558,10,PLTR,7532,7588,7560,7575,-15,-1,131476,-1,-14,131490,1,0,0
559,7,AMD,55869,55941,55905,55933,-28,-2,131474,-2,-12,131486,1,0,0
560,7,AMD,55818,55941,55879,55905,-26,-2,131472,-2,-13,131485,1,0,0
561,7,AMD,55854,55941,55897,55879,18,0,131472,0,-9,131481,1,0,0
562,7,AMD,55926,55941,55933,55897,36,1,131473,1,-7,131480,1,0,0
563,7,AMD,55854,55941,55897,55933,-36,-2,131471,-2,-8,131479,1,0,0
564,7,AMD,55818,55941,55879,55897,-18,-1,131470,-1,-9,131479,1,0,0
565,7,AMD,55828,55941,55884,55879,5,0,131470,0,-8,131478,1,0,0
566,5,NVDA,246400,246436,246418,246277,141,16,131486,16,8,131478,1,0,0
567,5,NVDA,246118,246436,246277,246418,-141,-17,131469,-17,-8,131477,1,0,0
568,7,AMD,55854,55941,55897,55884,13,0,131469,0,-7,131476,1,0,0
569,7,AMD,55926,55941,55933,55897,36,1,131470,1,-4,131474,1,0,0
570,7,AMD,55854,55941,55897,55933,-36,-2,131468,-2,-6,131474,1,0,0
571,5,NVDA,246400,246436,246418,246277,141,16,131484,16,11,131473,1,0,0
572,5,NVDA,246118,246436,246277,246418,-141,-17,131467,-17,-6,131473,1,0,0
573,8,QCOM,56955,57149,57052,57047,5,0,131467,0,-5,131472,1,0,0
574,8,QCOM,56955,57139,57047,57052,-5,-1,131466,-1,-5,131471,1,0,0
575,8,QCOM,56955,57149,57052,57047,5,0,131466,0,-5,131471,1,0,0
576,8,QCOM,57062,57149,57105,57052,53,1,131467,1,-3,131470,1,0,0
577,8,QCOM,56955,57149,57052,57105,-53,-2,131465,-2,-5,131470,1,0,0
578,5,NVDA,246400,246436,246418,246277,141,16,131481,16,10,131471,1,0,0
579,2,TSLA,123136,123290,123213,123187,26,2,131483,2,12,131471,1,0,0
580,5,NVDA,246118,246436,246277,246418,-141,-17,131466,-17,-5,131471,1,0,0
581,5,NVDA,246400,246436,246418,246277,141,16,131482,16,10,131472,1,0,0
582,5,NVDA,246118,246436,246277,246418,-141,-17,131465,-17,-5,131470,1,0,0
583,7,AMD,55926,55941,55933,55897,36,1,131466,1,-4,131470,1,0,0
584,7,AMD,55854,55941,55897,55933,-36,-2,131464,-2,-6,131470,1,0,0
585,2,TSLA,123136,123392,123264,123213,51,4,131468,4,-2,131470,1,0,0
586,8,QCOM,56955,57139,57047,57052,-5,-1,131467,-1,-3,131470,1,0,0
587,7,AMD,55828,55941,55884,55897,-13,-1,131466,-1,-3,131469,1,0,0
588,7,AMD,55854,55941,55897,55884,13,0,131466,0,-3,131469,1,0,0
589,7,AMD,55854,55936,55895,55897,-2,-1,131465,-1,-3,131468,1,0,0
590,6,MRVL,31171,31227,31199,31178,21,0,131465,0,-3,131468,1,0,0
591,8,QCOM,56945,57139,57042,57047,-5,-1,131464,-1,-4,131468,1,0,0
592,8,QCOM,57011,57139,57075,57042,33,0,131464,0,-4,131468,1,0,0
593,7,AMD,55921,55936,55928,55895,33,1,131465,1,-3,131468,1,0,0
594,6,MRVL,31130,31227,31178,31199,-21,-1,131464,-1,-3,131467,1,0,0
595,6,MRVL,31119,31227,31173,31178,-5,-1,131463,-1,-3,131466,1,0,0
596,6,MRVL,31176,31227,31201,31173,28,0,131463,0,-3,131466,1,0,0
597,6,MRVL,31140,31227,31183,31201,-18,-1,131462,-1,-2,131464,1,0,0
598,1,AAPL,90214,90583,90398,90401,-3,-1,131461,-1,-3,131464,1,0,0
599,5,NVDA,246400,246436,246418,246277,141,16,131477,16,12,131465,1,0,0
600,5,NVDA,246118,246436,246277,246418,-141,-17,131460,-17,-5,131465,1,0,0
601,5,NVDA,246400,246436,246418,246277,141,16,131476,16,11,131465,1,0,0
602,5,NVDA,246118,246436,246277,246418,-141,-17,131459,-17,-6,131465,1,0,0
603,6,MRVL,31176,31227,31201,31183,18,0,131459,0,-5,131464,1,0,0
604,5,NVDA,246400,246436,246418,246277,141,16,131475,16,10,131465,1,0,0
605,5,NVDA,246118,246436,246277,246418,-141,-17,131458,-17,-6,131464,1,0,0
606,2,TSLA,123136,123341,123238,123264,-26,-3,131455,-3,-9,131464,1,0,0
607,5,NVDA,246400,246436,246418,246277,141,16,131471,16,7,131464,1,0,0
608,2,TSLA,123136,123290,123213,123238,-25,-3,131468,-3,4,131464,1,0,0
609,1,AAPL,90568,90583,90575,90398,177,54,131522,54,54,131468,1,0,0
610,1,AAPL,90214,90583,90398,90575,-177,-55,131467,-55,-1,131468,1,0,0
611,1,AAPL,90214,90588,90401,90398,3,0,131467,0,-1,131468,1,0,0
612,2,TSLA,123136,123341,123238,123213,25,2,131469,2,0,131469,1,0,0
613,10,PLTR,7542,7588,7565,7560,5,0,131469,0,0,131469,1,0,0
614,7,AMD,55854,55936,55895,55928,-33,-2,131467,-2,-2,131469,1,0,0
615,7,AMD,55921,55936,55928,55895,33,1,131468,1,-1,131469,1,0,0
616,7,AMD,55854,55936,55895,55928,-33,-2,131466,-2,-3,131469,1,0,0
617,7,AMD,55854,55941,55897,55895,2,0,131466,0,-3,131469,1,0,0
618,1,AAPL,90563,90588,90575,90401,174,53,131519,53,47,131472,1,0,0
619,1,AAPL,90214,90588,90401,90575,-174,-54,131465,-54,-8,131473,1,0,0
620,6,MRVL,31140,31227,31183,31201,-18,-1,131464,-1,-8,131472,1,0,0
621,6,MRVL,31181,31227,31204,31183,21,0,131464,0,-8,131472,1,0,0
622,9,MSFT,166692,166717,166704,166691,13,3,131467,3,-6,131473,1,0,0
623,7,AMD,55921,55941,55931,55897,34,1,131468,1,-5,131473,1,0,0
624,7,AMD,55854,55941,55897,55931,-34,-2,131466,-2,-7,131473,1,0,0
625,7,AMD,55828,55941,55884,55897,-13,-1,131465,-1,-4,131469,1,0,0
626,7,AMD,55864,55941,55902,55884,18,0,131465,0,-4,131469,1,0,0
627,1,AAPL,90573,90588,90580,90401,179,54,131519,54,47,131472,1,0,0
628,10,PLTR,7562,7588,7575,7565,10,0,131519,0,43,131476,1,0,0
629,9,MSFT,166676,166717,166696,166704,-8,-3,131516,-3,37,131479,1,0,0
630,7,AMD,55921,55941,55931,55902,29,1,131517,1,35,131482,1,0,0
631,1,AAPL,90214,90588,90401,90580,-179,-55,131462,-55,-19,131481,1,0,0
632,10,PLTR,7542,7588,7565,7575,-10,-1,131461,-1,-20,131481,1,0,0
633,10,PLTR,7542,7598,7570,7565,5,0,131461,0,-20,131481,1,0,0
634,7,AMD,55864,55941,55902,55931,-29,-2,131459,-2,-18,131477,1,0,0
635,2,TSLA,123136,123392,123264,123238,26,2,131461,2,-16,131477,1,0,0
636,1,AAPL,90578,90588,90583,90401,182,55,131516,55,36,131480,1,0,0
637,7,AMD,55936,55941,55938,55902,36,1,131517,1,34,131483,1,0,0
638,5,NVDA,246118,246436,246277,246418,-141,-17,131500,-17,15,131485,1,0,0
639,5,NVDA,246400,246436,246418,246277,141,16,131516,16,28,131488,1,0,0
640,5,NVDA,246118,246436,246277,246418,-141,-17,131499,-17,9,131490,1,0,0
641,5,NVDA,246400,246436,246418,246277,141,16,131515,16,22,131493,1,0,0
642,7,AMD,55864,55941,55902,55938,-36,-2,131513,-2,17,131496,1,0,0
643,7,AMD,55936,55941,55938,55902,36,1,131514,1,18,131496,1,0,0
644,7,AMD,55864,55941,55902,55938,-36,-2,131512,-2,16,131496,1,0,0
645,4,NFLX,209152,209935,209543,209421,122,6,131518,6,22,131496,1,0,0
646,5,NVDA,246118,246436,246277,246418,-141,-17,131501,-17,6,131495,1,0,0
647,5,NVDA,246415,246436,246425,246277,148,17,131518,17,20,131498,1,0,0
648,9,MSFT,166692,166717,166704,166696,8,2,131520,2,18,131502,1,0,0
649,1,AAPL,90214,90588,90401,90583,-182,-56,131464,-56,-38,131502,1,0,0
650,1,AAPL,90578,90588,90583,90401,182,55,131519,55,13,131506,1,0,0
651,2,TSLA,123136,123341,123238,123264,-26,-3,131516,-3,7,131509,1,0,0
652,5,NVDA,246118,246436,246277,246425,-148,-18,131498,-18,-10,131508,1,0,0
653,5,NVDA,246415,246436,246425,246277,148,17,131515,17,7,131508,1,0,0
654,5,NVDA,246118,246436,246277,246425,-148,-18,131497,-18,-11,131508,1,0,0
655,5,NVDA,246415,246436,246425,246277,148,17,131514,17,6,131508,1,0,0
656,9,MSFT,166666,166717,166691,166704,-13,-4,131510,-4,1,131509,1,0,0
657,5,NVDA,246118,246436,246277,246425,-148,-18,131492,-18,-15,131507,1,0,0
658,2,TSLA,123151,123341,123246,123238,8,0,131492,0,-14,131506,1,0,0
659,1,AAPL,90214,90588,90401,90583,-182,-56,131436,-56,-65,131501,1,0,0
660,1,AAPL,90578,90588,90583,90401,182,55,131491,55,-9,131500,1,0,0
661,1,AAPL,90214,90588,90401,90583,-182,-56,131435,-56,-59,131494,1,0,0
662,2,TSLA,123151,123443,123297,123246,51,4,131439,4,-52,131491,1,0,0
663,1,AAPL,90578,90588,90583,90401,182,55,131494,55,5,131489,1,0,0
664,9,MSFT,166661,166717,166689,166691,-2,-1,131493,-1,6,131487,1,0,0
665,1,AAPL,90214,90588,90401,90583,-182,-56,131437,-56,-49,131486,1,0,0
666,1,AAPL,90578,90588,90583,90401,182,55,131492,55,8,131484,1,0,0
667,1,AAPL,90214,90588,90401,90583,-182,-56,131436,-56,-43,131479,1,0,0
668,1,AAPL,90578,90588,90583,90401,182,55,131491,55,12,131479,1,0,0
669,1,AAPL,90214,90588,90401,90583,-182,-56,131435,-56,-39,131474,1,0,0
670,2,TSLA,123136,123443,123289,123297,-8,-1,131434,-1,-36,131470,1,0,0
671,2,TSLA,123172,123443,123307,123289,18,1,131435,1,-30,131465,1,0,0
672,2,TSLA,123136,123443,123289,123307,-18,-2,131433,-2,-27,131460,1,0,0
673,9,MSFT,166661,166692,166676,166689,-13,-4,131429,-4,-27,131456,1,0,0
674,9,MSFT,166661,166717,166689,166676,13,3,131432,3,-20,131452,1,0,0
675,1,AAPL,90583,90588,90585,90401,184,56,131488,56,33,131455,1,0,0
676,2,TSLA,123162,123443,123302,123289,13,1,131489,1,34,131455,1,0,0
677,5,NVDA,246047,246436,246241,246277,-36,-5,131484,-5,26,131458,1,0,0
678,5,NVDA,246211,246436,246323,246241,82,9,131493,9,31,131462,1,0,0
679,1,AAPL,90214,90588,90401,90585,-184,-57,131436,-57,-22,131458,1,0,0
680,2,TSLA,123136,123443,123289,123302,-13,-2,131434,-2,-20,131454,1,0,0
681,2,TSLA,123136,123351,123243,123289,-46,-4,131430,-4,-24,131454,1,0,0
682,2,TSLA,123136,123443,123289,123243,46,3,131433,3,-17,131450,1,0,0
683,9,MSFT,166671,166717,166694,166689,5,1,131434,1,-16,131450,1,0,0
684,2,TSLA,123172,123443,123307,123289,18,1,131435,1,-12,131447,1,0,0
685,2,TSLA,123172,123331,123251,123307,-56,-5,131430,-5,-16,131446,1,0,0
686,2,TSLA,123136,123331,123233,123251,-18,-2,131428,-2,-18,131446,1,0,0
687,2,TSLA,123136,123443,123289,123233,56,4,131432,4,-14,131446,1,0,0
688,2,TSLA,123203,123443,123323,123289,34,2,131434,2,-12,131446,1,0,0
689,2,TSLA,123136,123443,123289,123323,-34,-3,131431,-3,-15,131446,1,0,0
690,5,NVDA,246175,246436,246305,246323,-18,-3,131428,-3,-18,131446,1,0,0
691,5,NVDA,246246,246436,246341,246305,36,4,131432,4,-10,131442,1,0,0
692,2,TSLA,123136,123341,123238,123289,-51,-5,131427,-5,-11,131438,1,0,0
693,2,TSLA,123136,123443,123289,123238,51,4,131431,4,-4,131435,1,0,0
694,2,TSLA,123213,123443,123328,123289,39,3,131434,3,3,131431,1,0,0
695,6,MRVL,31140,31227,31183,31204,-21,-1,131433,-1,2,131431,1,0,0
696,6,MRVL,31181,31227,31204,31183,21,0,131433,0,2,131431,1,0,0
697,8,QCOM,56991,57139,57065,57075,-10,-1,131432,-1,1,131431,1,0,0
698,5,NVDA,246252,246436,246344,246341,3,0,131432,0,1,131431,1,0,0
699,4,NFLX,209152,210012,209582,209543,39,1,131433,1,2,131431,1,0,0
700,2,TSLA,123213,123387,123300,123328,-28,-3,131430,-3,-1,131431,1,0,0
701,2,TSLA,123213,123443,123328,123300,28,2,131432,2,1,131431,1,0,0
702,8,QCOM,57011,57139,57075,57065,10,0,131432,0,1,131431,1,0,0
703,2,TSLA,123213,123341,123277,123328,-51,-5,131427,-5,-4,131431,1,0,0
704,2,TSLA,123213,123443,123328,123277,51,4,131431,4,0,131431,1,0,0
705,2,TSLA,123213,123392,123302,123328,-26,-3,131428,-3,-2,131430,1,0,0
706,2,TSLA,123213,123443,123328,123302,26,2,131430,2,-1,131431,1,0,0
707,2,TSLA,123213,123397,123305,123328,-23,-2,131428,-2,-2,131430,1,0,0
708,2,TSLA,123213,123443,123328,123305,23,1,131429,1,-1,131430,1,0,0
709,5,NVDA,246267,246436,246351,246344,7,0,131429,0,-1,131430,1,0,0
710,3,GOOGL,65777,65818,65797,65807,-10,-1,131428,-1,-2,131430,1,0,0
711,3,GOOGL,65736,65818,65777,65797,-20,-2,131426,-2,-4,131430,1,0,0
712,10,PLTR,7567,7598,7582,7570,12,0,131426,0,-3,131429,1,0,0
713,10,PLTR,7542,7598,7570,7582,-12,-1,131425,-1,-4,131429,1,0,0
714,1,AAPL,90583,90588,90585,90401,184,56,131481,56,49,131432,1,0,0
715,9,MSFT,166651,166692,166671,166694,-23,-7,131474,-7,40,131434,1,0,0
716,2,TSLA,123213,123407,123310,123328,-18,-2,131472,-2,35,131437,1,0,0
717,2,TSLA,123213,123443,123328,123310,18,1,131473,1,34,131439,1,0,0
718,2,TSLA,123213,123361,123287,123328,-41,-4,131469,-4,27,131442,1,0,0
719,2,TSLA,123213,123443,123328,123287,41,3,131472,3,27,131445,1,0,0
720,2,TSLA,123213,123392,123302,123328,-26,-3,131469,-3,22,131447,1,0,0
721,2,TSLA,123213,123443,123328,123302,26,2,131471,2,21,131450,1,0,0
722,2,TSLA,123213,123402,123307,123328,-21,-2,131469,-2,17,131452,1,0,0
723,5,NVDA,246415,246436,246425,246351,74,8,131477,8,22,131455,1,0,0
724,2,TSLA,123213,123377,123295,123307,-12,-2,131475,-2,17,131458,1,0,0
725,2,TSLA,123213,123402,123307,123295,12,1,131476,1,15,131461,1,0,0
726,5,NVDA,246267,246436,246351,246425,-74,-9,131467,-9,4,131463,1,0,0
727,2,TSLA,123213,123377,123295,123307,-12,-2,131465,-2,-1,131466,1,0,0
728,2,TSLA,123213,123402,123307,123295,12,1,131466,1,-2,131468,1,0,0
729,2,TSLA,123213,123443,123328,123307,21,1,131467,1,-4,131471,1,0,0
730,2,TSLA,123213,123407,123310,123328,-18,-2,131465,-2,-5,131470,1,0,0
731,2,TSLA,123213,123443,123328,123310,18,1,131466,1,-3,131469,1,0,0
732,2,TSLA,123213,123648,123430,123328,102,8,131474,8,4,131470,1,0,0
733,9,MSFT,166656,166717,166686,166671,15,3,131477,3,7,131470,1,0,0
734,2,TSLA,123213,123423,123318,123430,-112,-10,131467,-10,-3,131470,1,0,0
735,2,TSLA,123213,123648,123430,123318,112,9,131476,9,6,131470,1,0,0
736,1,AAPL,90214,90583,90398,90585,-187,-58,131418,-58,-49,131467,1,0,0
737,2,TSLA,123213,123361,123287,123430,-143,-13,131405,-13,-58,131463,1,0,0
738,1,AAPL,90583,90588,90585,90398,187,57,131462,57,0,131462,1,0,0
739,2,TSLA,123213,123648,123430,123287,143,12,131474,12,12,131462,1,0,0
740,2,TSLA,123213,123423,123318,123430,-112,-10,131464,-10,3,131461,1,0,0
741,2,TSLA,123213,123648,123430,123318,112,9,131473,9,12,131461,1,0,0
742,2,TSLA,123213,123494,123353,123430,-77,-7,131466,-7,5,131461,1,0,0
743,2,TSLA,123213,123423,123318,123353,-35,-3,131463,-3,2,131461,1,0,0
744,9,MSFT,166646,166717,166681,166686,-5,-2,131461,-2,0,131461,1,0,0
745,2,TSLA,123213,123494,123353,123318,35,2,131463,2,3,131460,1,0,0
746,2,TSLA,123213,123392,123302,123353,-51,-5,131458,-5,-2,131460,1,0,0
747,10,PLTR,7567,7598,7582,7570,12,0,131458,0,-1,131459,1,0,0
748,10,PLTR,7542,7598,7570,7582,-12,-1,131457,-1,-1,131458,1,0,0
749,1,AAPL,90214,90583,90398,90585,-187,-58,131399,-58,-55,131454,1,0,0
750,1,AAPL,90583,90588,90585,90398,187,57,131456,57,3,131453,1,0,0
751,2,TSLA,123213,123494,123353,123302,51,4,131460,4,8,131452,1,0,0
752,4,NFLX,209152,209772,209462,209582,-120,-7,131453,-7,-1,131454,1,0,0
753,4,NFLX,209152,209695,209423,209462,-39,-2,131451,-2,-6,131457,1,0,0
754,2,TSLA,123213,123402,123307,123353,-46,-4,131447,-4,-9,131456,1,0,0
755,4,NFLX,209152,209449,209300,209423,-123,-7,131440,-7,-14,131454,1,0,0
756,4,NFLX,209152,209695,209423,209300,123,6,131446,6,-7,131453,1,0,0
757,2,TSLA,123213,123494,123353,123307,46,3,131449,3,-2,131451,1,0,0
758,4,NFLX,209152,209449,209300,209423,-123,-7,131442,-7,-8,131450,1,0,0
759,2,TSLA,123254,123494,123374,123353,21,1,131443,1,-5,131448,1,0,0
760,1,AAPL,90573,90583,90578,90585,-7,-3,131440,-3,-7,131447,1,0,0
761,1,AAPL,90583,90588,90585,90578,7,2,131442,2,-4,131446,1,0,0
762,2,TSLA,123213,123494,123353,123374,-21,-2,131440,-2,-5,131445,1,0,0
763,2,TSLA,123213,123397,123305,123353,-48,-5,131435,-5,-8,131443,1,0,0
764,2,TSLA,123254,123397,123325,123305,20,1,131436,1,-6,131442,1,0,0
765,7,AMD,55885,55941,55913,55902,11,0,131436,0,-8,131444,1,0,0
766,2,TSLA,123254,123428,123341,123325,16,1,131437,1,-6,131443,1,0,0
767,2,TSLA,123254,123494,123374,123341,33,2,131439,2,-3,131442,1,0,0
768,2,TSLA,123254,123397,123325,123374,-49,-5,131434,-5,-7,131441,1,0,0
769,2,TSLA,123213,123397,123305,123325,-20,-2,131432,-2,-7,131439,1,0,0
770,2,TSLA,123259,123397,123328,123305,23,1,131433,1,-6,131439,1,0,0
771,4,NFLX,209152,209695,209423,209300,123,6,131439,6,1,131438,1,0,0
772,4,NFLX,209152,209449,209300,209423,-123,-7,131432,-7,-6,131438,1,0,0
773,8,QCOM,56991,57139,57065,57075,-10,-1,131431,-1,-5,131436,1,0,0
774,8,QCOM,57011,57139,57075,57065,10,0,131431,0,-5,131436,1,0,0
775,6,MRVL,31140,31227,31183,31204,-21,-1,131430,-1,-5,131435,1,0,0
776,6,MRVL,31181,31227,31204,31183,21,0,131430,0,-4,131434,1,0,0
777,8,QCOM,57001,57139,57070,57075,-5,-1,131429,-1,-5,131434,1,0,0
778,6,MRVL,31140,31227,31183,31204,-21,-1,131428,-1,-5,131433,1,0,0
779,6,MRVL,31171,31227,31199,31183,16,0,131428,0,-4,131432,1,0,0
780,6,MRVL,31140,31227,31183,31199,-16,-1,131427,-1,-5,131432,1,0,0
781,6,MRVL,31140,31237,31188,31183,5,0,131427,0,-4,131431,1,0,0
782,6,MRVL,31140,31217,31178,31188,-10,-1,131426,-1,-5,131431,1,0,0
783,8,QCOM,57011,57139,57075,57070,5,0,131426,0,-4,131430,1,0,0
784,8,QCOM,57011,57083,57047,57075,-28,-1,131425,-1,-4,131429,1,0,0
785,8,QCOM,57011,57139,57075,57047,28,0,131425,0,-4,131429,1,0,0
786,5,NVDA,246415,246436,246425,246351,74,8,131433,8,4,131429,1,0,0
787,5,NVDA,246267,246436,246351,246425,-74,-9,131424,-9,-4,131428,1,0,0
788,6,MRVL,31165,31217,31191,31178,13,0,131424,0,-3,131427,1,0,0
789,5,NVDA,246426,246436,246431,246351,80,9,131433,9,6,131427,1,0,0
790,5,NVDA,246267,246436,246351,246431,-80,-10,131423,-10,-4,131427,1,0,0
791,8,QCOM,57011,57083,57047,57075,-28,-1,131422,-1,-4,131426,1,0,0
792,8,QCOM,57011,57139,57075,57047,28,0,131422,0,-4,131426,1,0,0
793,5,NVDA,246426,246436,246431,246351,80,9,131431,9,5,131426,1,0,0
794,5,NVDA,246267,246436,246351,246431,-80,-10,131421,-10,-5,131426,1,0,0
795,6,MRVL,31140,31217,31178,31191,-13,-1,131420,-1,-5,131425,1,0,0
796,6,MRVL,31165,31217,31191,31178,13,0,131420,0,-5,131425,1,0,0
797,5,NVDA,246426,246436,246431,246351,80,9,131429,9,4,131425,1,0,0
798,5,NVDA,246267,246436,246351,246431,-80,-10,131419,-10,-5,131424,1,0,0
799,8,QCOM,57011,57083,57047,57075,-28,-1,131418,-1,-6,131424,1,0,0
800,6,MRVL,31140,31217,31178,31191,-13,-1,131417,-1,-6,131423,1,0,0
801,6,MRVL,31165,31217,31191,31178,13,0,131417,0,-6,131423,1,0,0
802,1,AAPL,90214,90583,90398,90585,-187,-58,131359,-58,-59,131418,1,0,0
803,5,NVDA,246426,246436,246431,246351,80,9,131368,9,-47,131415,1,0,0
804,5,NVDA,246267,246436,246351,246431,-80,-10,131358,-10,-53,131411,1,0,0
805,6,MRVL,31140,31217,31178,31191,-13,-1,131357,-1,-49,131406,1,0,0
806,8,QCOM,57011,57139,57075,57047,28,0,131357,0,-45,131402,1,0,0
807,8,QCOM,57011,57083,57047,57075,-28,-1,131356,-1,-42,131398,1,0,0
808,1,AAPL,90583,90588,90585,90398,187,57,131413,57,16,131397,1,0,0
809,8,QCOM,57011,57139,57075,57047,28,0,131413,0,17,131396,1,0,0
810,2,TSLA,123259,123428,123343,123328,15,1,131414,1,19,131395,1,0,0
811,2,TSLA,123259,123494,123376,123343,33,2,131416,2,21,131395,1,0,0
812,2,TSLA,123259,123397,123328,123376,-48,-5,131411,-5,16,131395,1,0,0
813,2,TSLA,123259,123295,123277,123328,-51,-5,131406,-5,13,131393,1,0,0
814,2,TSLA,123259,123397,123328,123277,51,4,131410,4,17,131393,1,0,0
815,8,QCOM,57011,57083,57047,57075,-28,-1,131409,-1,17,131392,1,0,0
816,8,QCOM,57011,57139,57075,57047,28,0,131409,0,17,131392,1,0,0
817,6,MRVL,31165,31217,31191,31178,13,0,131409,0,18,131391,1,0,0
818,6,MRVL,31140,31217,31178,31191,-13,-1,131408,-1,14,131394,1,0,0
819,2,TSLA,123259,123284,123271,123328,-57,-5,131403,-5,7,131396,1,0,0
820,9,MSFT,166615,166625,166620,166681,-61,-17,131386,-17,-12,131398,1,0,0
821,2,TSLA,123259,123397,123328,123271,57,4,131390,4,-10,131400,1,0,0
822,2,TSLA,123259,123284,123271,123328,-57,-5,131385,-5,-17,131402,1,0,0
823,6,MRVL,31176,31217,31196,31178,18,0,131385,0,-19,131404,1,0,0
824,6,MRVL,31140,31217,31178,31196,-18,-1,131384,-1,-18,131402,1,0,0
825,1,AAPL,90214,90583,90398,90585,-187,-58,131326,-58,-70,131396,1,0,0
826,8,QCOM,57011,57083,57047,57075,-28,-1,131325,-1,-66,131391,1,0,0
827,8,QCOM,57011,57139,57075,57047,28,0,131325,0,-60,131385,1,0,0
828,1,AAPL,90573,90583,90578,90398,180,55,131380,55,-3,131383,1,0,0
829,1,AAPL,90583,90588,90585,90578,7,2,131382,2,0,131382,1,0,0
830,6,MRVL,31176,31217,31196,31178,18,0,131382,0,2,131380,1,0,0
831,2,TSLA,123259,123397,123328,123271,57,4,131386,4,7,131379,1,0,0
832,2,TSLA,123259,123284,123271,123328,-57,-5,131381,-5,4,131377,1,0,0
833,2,TSLA,123259,123397,123328,123271,57,4,131385,4,10,131375,1,0,0
834,8,QCOM,57011,57083,57047,57075,-28,-1,131384,-1,10,131374,1,0,0
835,8,QCOM,57011,57139,57075,57047,28,0,131384,0,11,131373,1,0,0
836,2,TSLA,123259,123418,123338,123328,10,0,131384,0,11,131373,1,0,0
837,2,TSLA,123259,123443,123351,123338,13,1,131385,1,13,131372,1,0,0
838,6,MRVL,31140,31217,31178,31196,-18,-1,131384,-1,12,131372,1,0,0
839,6,MRVL,31176,31217,31196,31178,18,0,131384,0,12,131372,1,0,0
840,2,TSLA,123259,123418,123338,123351,-13,-2,131382,-2,10,131372,1,0,0
841,2,TSLA,123259,123443,123351,123338,13,1,131383,1,7,131376,1,0,0
842,9,MSFT,166584,166625,166604,166620,-16,-5,131378,-5,-1,131379,1,0,0
843,5,NVDA,246415,246436,246425,246351,74,8,131386,8,3,131383,1,0,0
844,5,NVDA,246267,246436,246351,246425,-74,-9,131377,-9,-5,131382,1,0,0
845,1,AAPL,90573,90583,90578,90585,-7,-3,131374,-3,-8,131382,1,0,0
846,1,AAPL,90583,90588,90585,90578,7,2,131376,2,-6,131382,1,0,0
847,5,NVDA,246354,246436,246395,246351,44,5,131381,5,0,131381,1,0,0
848,5,NVDA,246267,246436,246351,246395,-44,-6,131375,-6,-6,131381,1,0,0
849,2,TSLA,123259,123387,123323,123351,-28,-3,131372,-3,-8,131380,1,0,0
850,2,TSLA,123259,123443,123351,123323,28,2,131374,2,-5,131379,1,0,0
851,2,TSLA,123259,123418,123338,123351,-13,-2,131372,-2,-7,131379,1,0,0
852,5,NVDA,246349,246436,246392,246351,41,4,131376,4,-2,131378,1,0,0
853,5,NVDA,246267,246436,246351,246392,-41,-5,131371,-5,-6,131377,1,0,0
854,2,TSLA,123259,123443,123351,123338,13,1,131372,1,-5,131377,1,0,0
855,2,TSLA,123259,123387,123323,123351,-28,-3,131369,-3,-7,131376,1,0,0
856,2,TSLA,123259,123418,123338,123323,15,1,131370,1,-5,131375,1,0,0
857,2,TSLA,123259,123443,123351,123338,13,1,131371,1,-3,131374,1,0,0
858,5,NVDA,246006,246436,246221,246351,-130,-16,131355,-16,-18,131373,1,0,0
859,2,TSLA,123259,123284,123271,123351,-80,-7,131348,-7,-22,131370,1,0,0
860,2,TSLA,123259,123443,123351,123271,80,6,131354,6,-15,131369,1,0,0
861,2,TSLA,123259,123382,123320,123351,-31,-3,131351,-3,-16,131367,1,0,0
862,2,TSLA,123259,123392,123325,123320,5,0,131351,0,-15,131366,1,0,0
863,2,TSLA,123259,123443,123351,123325,26,2,131353,2,-11,131364,1,0,0
864,2,TSLA,123259,123382,123320,123351,-31,-3,131350,-3,-13,131363,1,0,0
865,2,TSLA,123259,123443,123351,123320,31,2,131352,2,-9,131361,1,0,0
866,5,NVDA,246333,246436,246384,246221,163,19,131371,19,10,131361,1,0,0
867,5,NVDA,246006,246436,246221,246384,-163,-20,131351,-20,-9,131360,1,0,0
868,2,TSLA,123259,123366,123312,123351,-39,-4,131347,-4,-11,131358,1,0,0
869,6,MRVL,31140,31217,31178,31196,-18,-1,131346,-1,-10,131356,1,0,0
870,6,MRVL,31176,31217,31196,31178,18,0,131346,0,-9,131355,1,0,0
871,8,QCOM,57011,57083,57047,57075,-28,-1,131345,-1,-8,131353,1,0,0
872,8,QCOM,57011,57139,57075,57047,28,0,131345,0,-7,131352,1,0,0
873,8,QCOM,57011,57083,57047,57075,-28,-1,131344,-1,-6,131350,1,0,0
874,8,QCOM,57011,57139,57075,57047,28,0,131344,0,-5,131349,1,0,0
875,2,TSLA,123259,123397,123328,123312,16,1,131345,1,-4,131349,1,0,0
876,2,TSLA,123259,123443,123351,123328,23,1,131346,1,-3,131349,1,0,0
877,2,TSLA,123259,123356,123307,123351,-44,-4,131342,-4,-6,131348,1,0,0
878,2,TSLA,123259,123387,123323,123307,16,1,131343,1,-5,131348,1,0,0
879,2,TSLA,123259,123443,123351,123323,28,2,131345,2,-2,131347,1,0,0
880,2,TSLA,123259,123274,123266,123351,-85,-8,131337,-8,-9,131346,1,0,0
881,2,TSLA,123259,123443,123351,123266,85,7,131344,7,-2,131346,1,0,0
882,2,TSLA,123259,123341,123300,123351,-51,-5,131339,-5,-5,131344,1,0,0
883,8,QCOM,57011,57083,57047,57075,-28,-1,131338,-1,-5,131343,1,0,0
884,8,QCOM,57011,57139,57075,57047,28,0,131338,0,-4,131342,1,0,0
885,2,TSLA,123213,123254,123233,123300,-67,-6,131332,-6,-10,131342,1,0,0
886,2,TSLA,123259,123341,123300,123233,67,5,131337,5,-4,131341,1,0,0
887,6,MRVL,31119,31217,31168,31196,-28,-1,131336,-1,-4,131340,1,0,0
888,6,MRVL,31140,31217,31178,31168,10,0,131336,0,-4,131340,1,0,0
889,6,MRVL,31176,31217,31196,31178,18,0,131336,0,-3,131339,1,0,0
890,1,AAPL,90573,90578,90575,90585,-10,-4,131332,-4,-7,131339,1,0,0
891,2,TSLA,123213,123254,123233,123300,-67,-6,131326,-6,-11,131337,1,0,0
892,2,TSLA,123259,123341,123300,123233,67,5,131331,5,-6,131337,1,0,0
893,2,TSLA,123213,123244,123228,123300,-72,-7,131324,-7,-11,131335,1,0,0
894,2,TSLA,123259,123341,123300,123228,72,6,131330,6,-5,131335,1,0,0
895,6,MRVL,31176,31237,31206,31196,10,0,131330,0,-4,131334,1,0,0
896,6,MRVL,31176,31232,31204,31206,-2,-1,131329,-1,-4,131333,1,0,0
897,5,NVDA,246077,246436,246256,246221,35,4,131333,4,1,131332,1,0,0
898,8,QCOM,57011,57083,57047,57075,-28,-1,131332,-1,0,131332,1,0,0
899,8,QCOM,57011,57139,57075,57047,28,0,131332,0,0,131332,1,0,0
900,5,NVDA,246006,246436,246221,246256,-35,-5,131327,-5,-4,131331,1,0,0
901,1,AAPL,90583,90588,90585,90575,10,3,131330,3,-1,131331,1,0,0
902,1,AAPL,90573,90578,90575,90585,-10,-4,131326,-4,-4,131330,1,0,0
903,1,AAPL,90583,90588,90585,90575,10,3,131329,3,-1,131330,1,0,0
904,1,AAPL,90573,90583,90578,90585,-7,-3,131326,-3,-3,131329,1,0,0
905,1,AAPL,90583,90588,90585,90578,7,2,131328,2,-1,131329,1,0,0
906,1,AAPL,90573,90583,90578,90585,-7,-3,131325,-3,-3,131328,1,0,0
907,1,AAPL,90583,90588,90585,90578,7,2,131327,2,-1,131328,1,0,0
908,2,TSLA,123259,123392,123325,123300,25,2,131329,2,1,131328,1,0,0
909,2,TSLA,123213,123254,123233,123325,-92,-8,131321,-8,-7,131328,1,0,0
910,5,NVDA,246077,246436,246256,246221,35,4,131325,4,-3,131328,1,0,0
911,5,NVDA,246006,246436,246221,246256,-35,-5,131320,-5,-7,131327,1,0,0
912,1,AAPL,90573,90583,90578,90585,-7,-3,131317,-3,-9,131326,1,0,0
913,1,AAPL,90583,90588,90585,90578,7,2,131319,2,-6,131325,1,0,0
914,6,MRVL,31140,31232,31186,31204,-18,-1,131318,-1,-6,131324,1,0,0
915,6,MRVL,31176,31232,31204,31186,18,0,131318,0,-6,131324,1,0,0
916,6,MRVL,31140,31232,31186,31204,-18,-1,131317,-1,-6,131323,1,0,0
917,2,TSLA,123259,123392,123325,123233,92,7,131324,7,1,131323,1,0,0
918,2,TSLA,123213,123254,123233,123325,-92,-8,131316,-8,-6,131322,1,0,0
919,2,TSLA,123259,123356,123307,123233,74,6,131322,6,0,131322,1,0,0
920,2,TSLA,123259,123392,123325,123307,18,1,131323,1,2,131321,1,0,0
921,2,TSLA,123259,123443,123351,123325,26,2,131325,2,4,131321,1,0,0
922,6,MRVL,31176,31232,31204,31186,18,0,131325,0,4,131321,1,0,0
923,6,MRVL,31140,31232,31186,31204,-18,-1,131324,-1,3,131321,1,0,0
924,1,AAPL,90573,90583,90578,90585,-7,-3,131321,-3,1,131320,1,0,0
925,1,AAPL,90583,90588,90585,90578,7,2,131323,2,2,131321,1,0,0
926,2,TSLA,123259,123356,123307,123351,-44,-4,131319,-4,-1,131320,1,0,0
927,2,TSLA,123259,123387,123323,123307,16,1,131320,1,0,131320,1,0,0
928,2,TSLA,123259,123443,123351,123323,28,2,131322,2,1,131321,1,0,0
929,2,TSLA,123213,123254,123233,123351,-118,-11,131311,-11,-9,131320,1,0,0
930,7,AMD,55900,55941,55920,55913,7,0,131311,0,-9,131320,1,0,0
931,2,TSLA,123259,123443,123351,123233,118,10,131321,10,1,131320,1,0,0
932,2,TSLA,123259,123356,123307,123351,-44,-4,131317,-4,-3,131320,1,0,0
933,10,PLTR,7542,7578,7560,7570,-10,-1,131316,-1,-3,131319,1,0,0
934,10,PLTR,7542,7598,7570,7560,10,0,131316,0,-3,131319,1,0,0
935,2,TSLA,123259,123443,123351,123307,44,3,131319,3,0,131319,1,0,0
936,2,TSLA,123259,123356,123307,123351,-44,-4,131315,-4,-4,131319,1,0,0
937,2,TSLA,123259,123443,123351,123307,44,3,131318,3,0,131318,1,0,0
938,6,MRVL,31176,31232,31204,31186,18,0,131318,0,0,131318,1,0,0
939,2,TSLA,123213,123254,123233,123351,-118,-11,131307,-11,-10,131317,1,0,0
940,6,MRVL,31140,31232,31186,31204,-18,-1,131306,-1,-10,131316,1,0,0
941,10,PLTR,7542,7578,7560,7570,-10,-1,131305,-1,-10,131315,1,0,0
942,2,TSLA,123259,123443,123351,123233,118,10,131315,10,1,131314,1,0,0
943,2,TSLA,123259,123351,123305,123351,-46,-4,131311,-4,-3,131314,1,0,0
944,8,QCOM,57011,57083,57047,57075,-28,-1,131310,-1,-3,131313,1,0,0
945,8,QCOM,57011,57139,57075,57047,28,0,131310,0,-3,131313,1,0,0
946,9,MSFT,166589,166620,166604,166604,0,0,131310,0,-3,131313,1,0,0
947,9,MSFT,166589,166625,166607,166604,3,0,131310,0,-2,131312,1,0,0
948,1,AAPL,90573,90583,90578,90585,-7,-3,131307,-3,-5,131312,1,0,0
949,1,AAPL,90583,90588,90585,90578,7,2,131309,2,-2,131311,1,0,0
950,10,PLTR,7542,7598,7570,7560,10,0,131309,0,-2,131311,1,0,0
951,5,NVDA,246077,246436,246256,246221,35,4,131313,4,3,131310,1,0,0
952,5,NVDA,246006,246436,246221,246256,-35,-5,131308,-5,-2,131310,1,0,0
953,6,MRVL,31176,31232,31204,31186,18,0,131308,0,-1,131309,1,0,0
954,5,NVDA,246077,246436,246256,246221,35,4,131312,4,3,131309,1,0,0
955,5,NVDA,246006,246436,246221,246256,-35,-5,131307,-5,-2,131309,1,0,0
956,10,PLTR,7542,7578,7560,7570,-10,-1,131306,-1,-3,131309,1,0,0
957,10,PLTR,7542,7598,7570,7560,10,0,131306,0,-3,131309,1,0,0
958,1,AAPL,90573,90583,90578,90585,-7,-3,131303,-3,-5,131308,1,0,0
959,1,AAPL,90583,90588,90585,90578,7,2,131305,2,-3,131308,1,0,0
960,5,NVDA,246077,246436,246256,246221,35,4,131309,4,1,131308,1,0,0
961,5,NVDA,246006,246436,246221,246256,-35,-5,131304,-5,-3,131307,1,0,0
962,10,PLTR,7542,7578,7560,7570,-10,-1,131303,-1,-4,131307,1,0,0
963,2,TSLA,123213,123218,123215,123305,-90,-8,131295,-8,-11,131306,1,0,0
964,2,TSLA,123259,123351,123305,123215,90,7,131302,7,-4,131306,1,0,0
965,2,TSLA,123259,123372,123315,123305,10,0,131302,0,-3,131305,1,0,0
966,2,TSLA,123259,123320,123289,123315,-26,-3,131299,-3,-6,131305,1,0,0
967,2,TSLA,123259,123392,123325,123289,36,3,131302,3,-2,131304,1,0,0
968,6,MRVL,31140,31232,31186,31204,-18,-1,131301,-1,-3,131304,1,0,0
969,6,MRVL,31176,31232,31204,31186,18,0,131301,0,-2,131303,1,0,0
970,6,MRVL,31140,31232,31186,31204,-18,-1,131300,-1,-2,131302,1,0,0
971,2,TSLA,123259,123341,123300,123325,-25,-3,131297,-3,-5,131302,1,0,0
972,2,TSLA,123136,123141,123138,123300,-162,-14,131283,-14,-17,131300,1,0,0
973,2,TSLA,123213,123244,123228,123138,90,7,131290,7,-9,131299,1,0,0
974,2,TSLA,123259,123274,123266,123228,38,3,131293,3,-6,131299,1,0,0
975,2,TSLA,123259,123290,123274,123266,8,0,131293,0,-5,131298,1,0,0
976,5,NVDA,246333,246436,246384,246221,163,19,131312,19,14,131298,1,0,0
977,2,TSLA,123213,123218,123215,123274,-59,-6,131306,-6,8,131298,1,0,0
978,2,TSLA,123259,123290,123274,123215,59,5,131311,5,12,131299,1,0,0
979,6,MRVL,31176,31232,31204,31186,18,0,131311,0,11,131300,1,0,0
980,2,TSLA,123136,123208,123172,123274,-102,-9,131302,-9,2,131300,1,0,0
981,5,NVDA,246077,246436,246256,246384,-128,-16,131286,-16,-13,131299,1,0,0
982,5,NVDA,246333,246436,246384,246256,128,15,131301,15,2,131299,1,0,0
983,5,NVDA,246006,246436,246221,246384,-163,-20,131281,-20,-17,131298,1,0,0
984,5,NVDA,246333,246436,246384,246221,163,19,131300,19,3,131297,1,0,0
985,5,NVDA,246006,246436,246221,246384,-163,-20,131280,-20,-16,131296,1,0,0
986,5,NVDA,246333,246436,246384,246221,163,19,131299,19,3,131296,1,0,0
987,5,NVDA,246006,246436,246221,246384,-163,-20,131279,-20,-16,131295,1,0,0
988,9,MSFT,166528,166625,166576,166607,-31,-9,131270,-9,-24,131294,1,0,0
989,5,NVDA,246077,246436,246256,246221,35,4,131274,4,-19,131293,1,0,0
990,2,TSLA,123259,123310,123284,123172,112,9,131283,9,-10,131293,1,0,0
991,2,TSLA,123136,123203,123169,123284,-115,-10,131273,-10,-18,131291,1,0,0
992,2,TSLA,123259,123310,123284,123169,115,9,131282,9,-7,131289,1,0,0
993,5,NVDA,246006,246436,246221,246256,-35,-5,131277,-5,-11,131288,1,0,0
994,5,NVDA,246333,246436,246384,246221,163,19,131296,19,9,131287,1,0,0
995,5,NVDA,246006,246436,246221,246384,-163,-20,131276,-20,-8,131284,1,0,0
996,5,NVDA,246093,246436,246264,246221,43,5,131281,5,-2,131283,1,0,0
997,5,NVDA,246333,246436,246384,246264,120,14,131295,14,11,131284,1,0,0
998,2,TSLA,123136,123187,123161,123284,-123,-11,131284,-11,1,131283,1,0,0
999,2,TSLA,123259,123310,123284,123161,123,10,131294,10,11,131283,1,0,0
